assmNum,assmName,level1,level2,level3,matchType
4,cu thhn solid wire,Wire,Copper,Solid,unique
9,cu thhn stranded wire,Wire,Copper,Stranded,distance
32,cu xhhw solid wire,Wire,Copper,Solid,unique
37,cu xhhw stranded wire,Wire,Copper,Stranded,distance
61,cu use-rhw solid wire,Wire,Copper,Solid,unique
65,cu use-rhw stranded wire,Wire,Copper,Stranded,unique
88,cu bare solid wire,Wire,Copper,Solid,distance
97,cu bare stranded wire,Wire,Copper,Stranded,distance
113,cu mtw stranded wire,Wire,Copper,Stranded,distance
120,cu tffn stranded wire,Wire,Copper,Stranded,distance
124,al thhn stranded wire,Wire,Alum,Stranded,distance
144,al xhhw stranded wire,Wire,Alum,Stranded,distance
162,al use rhh rhw stranded wir,Wire,Alum,Stranded,distance
181,5kv 1c cu xlp-pvc non-shiel,Industrial,Cable,5KV Cable,distance
196,5kv 1c cu xlp-pvc shield ca,Industrial,Cable,5KV Cable,distance
212,5kv 3c cu xlp-pvc non grd s,Industrial,Cable,5KV Cable,unique
226,5kv 3c cu xlp-pvc grd shiel,Industrial,Cable,5KV Cable,unique
240,15kv 1c cu xlp-pvc shield c,Industrial,Cable,15KV Cable,distance
253,15kv 3c cu xlp-pvc no grd s,Industrial,Cable,15KV Cable,unique
267,emt d/s strap,Branch,EMT,"D/S, Strap",distance
279,emt d/s strap concrete,Branch,EMT,"D/S, Strap Concrete",distance
291,emt d/s beam clamp,Branch,EMT,D/S Beam Clamp,distance
303,5' drop emt d/s strap,Branch,EMT Drops,D/S Drops Strap,distance
327,emt d/s branch parts,Branch with Constants,EMT Branch Parts,,distance
379,emt d/s feeder parts,Feeder,EMT Feeder Parts,,distance
510,n14 emt d/s strap,Branch,EMT,"D/S, Strap",unique
519,n12 emt d/s strap,Branch,EMT,"D/S, Strap",unique
528,n10 emt d/s strap,Branch,EMT,"D/S, Strap",unique
537,n8 emt d/s strap,Branch,EMT,"D/S, Strap",unique
544,n6 emt d/s strap,Branch,EMT,"D/S, Strap",unique
550,n4 emt d/s strap,Branch,EMT,"D/S, Strap",unique
556,n3 emt d/s strap,Feeder,EMT,"D/S, Strap",unique
562,n2 emt d/s strap,Feeder,EMT,"D/S, Strap",unique
568,n1 emt d/s strap,Feeder,EMT,"D/S, Strap",unique
574,n1/0 emt d/s strap,Feeder,EMT,"D/S, Strap",unique
580,n2/0 emt d/s strap,Feeder,EMT,"D/S, Strap",unique
586,n3/0 emt d/s strap,Feeder,EMT,"D/S, Strap",unique
592,n4/0 emt d/s strap,Feeder,EMT,"D/S, Strap",unique
598,n250 emt d/s strap,Feeder,EMT,"D/S, Strap",unique
604,n300 emt d/s strap,Feeder,EMT,"D/S, Strap",unique
610,n350 emt d/s strap,Feeder,EMT,"D/S, Strap",unique
616,n400 emt d/s strap,Feeder,EMT,"D/S, Strap",unique
622,n500 emt d/s strap,Feeder,EMT,"D/S, Strap",unique
628,n600 emt d/s strap,Feeder,EMT,"D/S, Strap",unique
634,n750 emt d/s strap,Feeder,EMT,"D/S, Strap",unique
642,n14 emt d/s strap concrete,Branch,EMT,"D/S, Strap Concrete",unique
651,n12 emt d/s strap concrete,Branch,EMT,"D/S, Strap Concrete",unique
660,n10 emt d/s strap concrete,Branch,EMT,"D/S, Strap Concrete",unique
669,n8 emt d/s strap concrete,Branch,EMT,"D/S, Strap Concrete",unique
676,n6 emt d/s strap concrete,Branch,EMT,"D/S, Strap Concrete",unique
682,n4 emt d/s strap concrete,Branch,EMT,"D/S, Strap Concrete",unique
688,n3 emt d/s strap concrete,Feeder,EMT,"D/S, Strap Concrete",unique
694,n2 emt d/s strap concrete,Feeder,EMT,"D/S, Strap Concrete",unique
700,n1 emt d/s strap concrete,Feeder,EMT,"D/S, Strap Concrete",unique
706,n1/0 emt d/s strap concrete,Feeder,EMT,"D/S, Strap Concrete",unique
712,n2/0 emt d/s strap concrete,Feeder,EMT,"D/S, Strap Concrete",unique
718,n3/0 emt d/s strap concrete,Feeder,EMT,"D/S, Strap Concrete",unique
724,n4/0 emt d/s strap concrete,Feeder,EMT,"D/S, Strap Concrete",unique
730,n250 emt d/s strap concrete,Feeder,EMT,"D/S, Strap Concrete",unique
736,n300 emt d/s strap concrete,Feeder,EMT,"D/S, Strap Concrete",unique
742,n350 emt d/s strap concrete,Feeder,EMT,"D/S, Strap Concrete",unique
748,n400 emt d/s strap concrete,Feeder,EMT,"D/S, Strap Concrete",unique
754,n500 emt d/s strap concrete,Feeder,EMT,"D/S, Strap Concrete",unique
760,n600 emt d/s strap concrete,Feeder,EMT,"D/S, Strap Concrete",unique
766,n750 emt d/s strap concrete,Feeder,EMT,"D/S, Strap Concrete",unique
775,5' drop n3 emt d/s strap 9',Feeder,EMT Drops,D/S Drops Strap,unique
781,5' drop n2 emt d/s strap 9',Feeder,EMT Drops,D/S Drops Strap,unique
787,5' drop n1 emt d/s strap 9',Feeder,EMT Drops,D/S Drops Strap,unique
793,5' drop n1/0 emt d/s strap,Feeder,EMT Drops,D/S Drops Strap,unique
799,5' drop n2/0 emt d/s strap,Feeder,EMT Drops,D/S Drops Strap,unique
805,5' drop n3/0 emt d/s strap,Feeder,EMT Drops,D/S Drops Strap,unique
811,5' drop n4/0 emt d/s strap,Feeder,EMT Drops,D/S Drops Strap,unique
817,5' drop n250 emt d/s strap,Feeder,EMT Drops,D/S Drops Strap,unique
823,5' drop n300 emt d/s strap,Feeder,EMT Drops,D/S Drops Strap,unique
829,5' drop n350 emt d/s strap,Feeder,EMT Drops,D/S Drops Strap,unique
835,5' drop n400 emt d/s strap,Feeder,EMT Drops,D/S Drops Strap,unique
841,5' drop n500 emt d/s strap,Feeder,EMT Drops,D/S Drops Strap,unique
847,5' drop n600 emt d/s strap,Feeder,EMT Drops,D/S Drops Strap,unique
853,5' drop n750 emt d/s strap,Feeder,EMT Drops,D/S Drops Strap,unique
860,n14 emt d/s beam clamp,Branch,EMT,D/S Beam Clamp,unique
869,n12 emt d/s beam clamp,Branch,EMT,D/S Beam Clamp,unique
878,n10 emt d/s beam clamp,Branch,EMT,D/S Beam Clamp,unique
887,n8 emt d/s beam clamp,Branch,EMT,D/S Beam Clamp,unique
894,n6 emt d/s beam clamp,Branch,EMT,D/S Beam Clamp,unique
900,n4 emt d/s beam clamp,Branch,EMT,D/S Beam Clamp,unique
906,n3 emt d/s beam clamp,Feeder,EMT,"D/S, Beam Clamp",unique
912,n2 emt d/s beam clamp,Feeder,EMT,"D/S, Beam Clamp",unique
918,n1 emt d/s beam clamp,Feeder,EMT,"D/S, Beam Clamp",unique
924,n1/0 emt d/s beam clamp,Feeder,EMT,"D/S, Beam Clamp",unique
930,n2/0 emt d/s beam clamp,Feeder,EMT,"D/S, Beam Clamp",unique
936,n3/0 emt d/s beam clamp,Feeder,EMT,"D/S, Beam Clamp",unique
942,n4/0 emt d/s beam clamp,Feeder,EMT,"D/S, Beam Clamp",unique
948,n250 emt d/s beam clamp,Feeder,EMT,"D/S, Beam Clamp",unique
954,n300 emt d/s beam clamp,Feeder,EMT,"D/S, Beam Clamp",unique
960,n350 emt d/s beam clamp,Feeder,EMT,"D/S, Beam Clamp",unique
966,n400 emt d/s beam clamp,Feeder,EMT,"D/S, Beam Clamp",unique
972,n500 emt d/s beam clamp,Feeder,EMT,"D/S, Beam Clamp",unique
978,n600 emt d/s beam clamp,Feeder,EMT,"D/S, Beam Clamp",unique
984,n750 emt d/s beam clamp,Feeder,EMT,"D/S, Beam Clamp",unique
993,n14 emt d/c beam clamp,Branch,EMT,D/C Beam Clamp,unique
1002,n12 emt d/c beam clamp,Branch,EMT,D/C Beam Clamp,unique
1011,n10 emt d/c beam clamp,Branch,EMT,D/C Beam Clamp,unique
1020,n8 emt d/c beam clamp,Branch,EMT,D/C Beam Clamp,unique
1027,n6 emt d/c beam clamp,Branch,EMT,D/C Beam Clamp,unique
1033,n4 emt d/c beam clamp,Branch,EMT,D/C Beam Clamp,unique
1038,n3 emt d/c beam clamp,Feeder,EMT,"D/C, Beam Clamp",unique
1044,n2 emt d/c beam clamp,Feeder,EMT,"D/C, Beam Clamp",unique
1050,n1 emt d/c beam clamp,Feeder,EMT,"D/C, Beam Clamp",unique
1056,n1/0 emt d/c beam clamp,Feeder,EMT,"D/C, Beam Clamp",unique
1062,n2/0 emt d/c beam clamp,Feeder,EMT,"D/C, Beam Clamp",unique
1068,n3/0 emt d/c beam clamp,Feeder,EMT,"D/C, Beam Clamp",unique
1074,n4/0 emt d/c beam clamp,Feeder,EMT,"D/C, Beam Clamp",unique
1080,n250 emt d/c beam clamp,Feeder,EMT,"D/C, Beam Clamp",unique
1086,n300 emt d/c beam clamp,Feeder,EMT,"D/C, Beam Clamp",unique
1092,n350 emt d/c beam clamp,Feeder,EMT,"D/C, Beam Clamp",unique
1098,n400 emt d/c beam clamp,Feeder,EMT,"D/C, Beam Clamp",unique
1104,n500 emt d/c beam clamp,Feeder,EMT,"D/C, Beam Clamp",unique
1110,n600 emt d/c beam clamp,Feeder,EMT,"D/C, Beam Clamp",unique
1116,n750 emt d/c beam clamp,Feeder,EMT,"D/C, Beam Clamp",unique
1125,n14 emt s/s beam clamp,Branch,EMT,S/S Beam Clamp,unique
1134,n12 emt s/s beam clamp,Branch,EMT,S/S Beam Clamp,unique
1143,n10 emt s/s beam clamp,Branch,EMT,S/S Beam Clamp,unique
1152,n8 emt s/s beam clamp,Branch,EMT,S/S Beam Clamp,unique
1159,n6 emt s/s beam clamp,Branch,EMT,S/S Beam Clamp,unique
1165,n4 emt s/s beam clamp,Branch,EMT,S/S Beam Clamp,unique
1171,n3 emt s/s beam clamp,Feeder,EMT,"S/S, Beam Clamp",unique
1177,n2 emt s/s beam clamp,Feeder,EMT,"S/S, Beam Clamp",unique
1183,n1 emt s/s beam clamp,Feeder,EMT,"S/S, Beam Clamp",unique
1189,n1/0 emt s/s beam clamp,Feeder,EMT,"S/S, Beam Clamp",unique
1195,n2/0 emt s/s beam clamp,Feeder,EMT,"S/S, Beam Clamp",unique
1201,n3/0 emt s/s beam clamp,Feeder,EMT,"S/S, Beam Clamp",unique
1207,n4/0 emt s/s beam clamp,Feeder,EMT,"S/S, Beam Clamp",unique
1213,n250 emt s/s beam clamp,Feeder,EMT,"S/S, Beam Clamp",unique
1219,n300 emt s/s beam clamp,Feeder,EMT,"S/S, Beam Clamp",unique
1225,n350 emt s/s beam clamp,Feeder,EMT,"S/S, Beam Clamp",unique
1231,n400 emt s/s beam clamp,Feeder,EMT,"S/S, Beam Clamp",unique
1237,n500 emt s/s beam clamp,Feeder,EMT,"S/S, Beam Clamp",unique
1243,n600 emt s/s beam clamp,Feeder,EMT,"S/S, Beam Clamp",unique
1249,n750 emt s/s beam clamp,Feeder,EMT,"S/S, Beam Clamp",unique
1257,n14 emt s/c beam clamp,Branch,EMT,S/C Beam Clamp,unique
1266,n12 emt s/c beam clamp,Branch,EMT,S/C Beam Clamp,unique
1275,n10 emt s/c beam clamp,Branch,EMT,S/C Beam Clamp,unique
1284,n8 emt s/c beam clamp,Branch,EMT,S/C Beam Clamp,unique
1291,n6 emt s/c beam clamp,Branch,EMT,S/C Beam Clamp,unique
1297,n4 emt s/c beam clamp,Branch,EMT,S/C Beam Clamp,unique
1303,n3 emt s/c beam clamp,Feeder,EMT,"S/C, Beam Clamp",unique
1309,n2 emt s/c beam clamp,Feeder,EMT,"S/C, Beam Clamp",unique
1315,n1 emt s/c beam clamp,Feeder,EMT,"S/C, Beam Clamp",unique
1321,n1/0 emt s/c beam clamp,Feeder,EMT,"S/C, Beam Clamp",unique
1327,n2/0 emt s/c beam clamp,Feeder,EMT,"S/C, Beam Clamp",unique
1333,n3/0 emt s/c beam clamp,Feeder,EMT,"S/C, Beam Clamp",unique
1339,n4/0 emt s/c beam clamp,Feeder,EMT,"S/C, Beam Clamp",unique
1345,n250 emt s/c beam clamp,Feeder,EMT,"S/C, Beam Clamp",unique
1351,n300 emt s/c beam clamp,Feeder,EMT,"S/C, Beam Clamp",unique
1357,n350 emt s/c beam clamp,Feeder,EMT,"S/C, Beam Clamp",unique
1363,n400 emt s/c beam clamp,Feeder,EMT,"S/C, Beam Clamp",unique
1369,n500 emt s/c beam clamp,Feeder,EMT,"S/C, Beam Clamp",unique
1375,n600 emt s/c beam clamp,Feeder,EMT,"S/C, Beam Clamp",unique
1381,n750 emt s/c beam clamp,Feeder,EMT,"S/C, Beam Clamp",unique
1389,5' drop n14 emt d/s strap,Branch,EMT Drops,D/S Drops Strap,distance
1398,5' drop n12 emt d/s strap,Branch,EMT Drops,D/S Drops Strap,distance
1407,5' drop n10 emt d/s strap,Branch,EMT Drops,D/S Drops Strap,distance
1416,5' drop n8 emt d/s strap,Branch,EMT Drops,D/S Drops Strap,distance
1423,5' drop n6 emt d/s strap,Branch,EMT Drops,D/S Drops Strap,distance
1430,5' drop n4 emt d/s strap,Branch,EMT Drops,D/S Drops Strap,distance
1438,11' drop n14 emt d/s strap,Branch,EMT Drops,D/S Drops Strap,distance
1447,11' drop n12 emt d/s strap,Branch,EMT Drops,D/S Drops Strap,distance
1456,11' drop n10 emt d/s strap,Branch,EMT Drops,D/S Drops Strap,distance
1465,11' drop n8 emt d/s strap,Branch,EMT Drops,D/S Drops Strap,distance
1472,11' drop n6 emt d/s strap,Branch,EMT Drops,D/S Drops Strap,distance
1479,11' drop n4 emt d/s strap,Branch,EMT Drops,D/S Drops Strap,distance
1486,11' drop n2 emt d/s strap,Branch,EMT Drops,D/S Drops Strap,distance
1493,n14 emt d/s/i strap,Branch,EMT,"D/S, Strap",unique
1502,n12 emt d/s/i strap,Branch,EMT,"D/S, Strap",unique
1511,n10 emt d/s/i strap,Branch,EMT,"D/S, Strap",unique
1556,emt d/c strap,Branch,EMT,"D/C, Strap",distance
1568,emt d/c strap concrete,Branch,EMT,"D/C, Strap Concrete",distance
1580,emt d/c beam clamp,Branch,EMT,D/C Beam Clamp,distance
1593,emt d/c branch parts,Branch with Constants,EMT Branch Parts,,unique
1777,n14 emt d/c strap,Branch,EMT,"D/C, Strap",unique
1786,n12 emt d/c strap,Branch,EMT,"D/C, Strap",unique
1795,n10 emt d/c strap,Branch,EMT,"D/C, Strap",unique
1804,n8 emt d/c strap,Branch,EMT,"D/C, Strap",unique
1811,n6 emt d/c strap,Branch,EMT,"D/C, Strap",unique
1817,n4 emt d/c strap,Branch,EMT,"D/C, Strap",unique
1823,n3 emt d/c strap,Feeder,EMT,"D/C, Strap",unique
1829,n2 emt d/c strap,Feeder,EMT,"D/C, Strap",unique
1835,n1 emt d/c strap,Feeder,EMT,"D/C, Strap",unique
1841,n1/0 emt d/c strap,Feeder,EMT,"D/C, Strap",unique
1847,n2/0 emt d/c strap,Feeder,EMT,"D/C, Strap",unique
1853,n3/0 emt d/c strap,Feeder,EMT,"D/C, Strap",unique
1859,n4/0 emt d/c strap,Feeder,EMT,"D/C, Strap",unique
1865,n250 emt d/c strap,Feeder,EMT,"D/C, Strap",unique
1871,n300 emt d/c strap,Feeder,EMT,"D/C, Strap",unique
1877,n350 emt d/c strap,Feeder,EMT,"D/C, Strap",unique
1883,n400 emt d/c strap,Feeder,EMT,"D/C, Strap",unique
1889,n500 emt d/c strap,Feeder,EMT,"D/C, Strap",unique
1895,n600 emt d/c strap,Feeder,EMT,"D/C, Strap",unique
1901,n750 emt d/c strap,Feeder,EMT,"D/C, Strap",unique
1910,n14 emt d/c strap concrete,Branch,EMT,"D/C, Strap Concrete",unique
1919,n12 emt d/c strap concrete,Branch,EMT,"D/C, Strap Concrete",unique
1928,n10 emt d/c strap concrete,Branch,EMT,"D/C, Strap Concrete",unique
1937,n8 emt d/c strap concrete,Branch,EMT,"D/C, Strap Concrete",unique
1944,n6 emt d/c strap concrete,Branch,EMT,"D/C, Strap Concrete",unique
1950,n4 emt d/c strap concrete,Branch,EMT,"D/C, Strap Concrete",unique
1957,n3 emt d/c strap concrete,Feeder,EMT,"D/C, Strap Concrete",unique
1963,n2 emt d/c strap concrete,Feeder,EMT,"D/C, Strap Concrete",unique
1969,n1 emt d/c strap concrete,Feeder,EMT,"D/C, Strap Concrete",unique
1975,n1/0 emt d/c strap concrete,Feeder,EMT,"D/C, Strap Concrete",unique
1981,n2/0 emt d/c strap concrete,Feeder,EMT,"D/C, Strap Concrete",unique
1987,n3/0 emt d/c strap concrete,Feeder,EMT,"D/C, Strap Concrete",unique
1993,n4/0 emt d/c strap concrete,Feeder,EMT,"D/C, Strap Concrete",unique
1999,n250 emt d/c strap concrete,Feeder,EMT,"D/C, Strap Concrete",unique
2005,n300 emt d/c strap concrete,Feeder,EMT,"D/C, Strap Concrete",unique
2011,n350 emt d/c strap concrete,Feeder,EMT,"D/C, Strap Concrete",unique
2017,n400 emt d/c strap concrete,Feeder,EMT,"D/C, Strap Concrete",unique
2023,n500 emt d/c strap concrete,Feeder,EMT,"D/C, Strap Concrete",unique
2029,n600 emt d/c strap concrete,Feeder,EMT,"D/C, Strap Concrete",unique
2035,n750 emt d/c strap concrete,Feeder,EMT,"D/C, Strap Concrete",unique
2044,5' drop n3 emt d/c strap 9',Feeder,EMT Drops,D/C Drops Strap,unique
2050,5' drop n2 emt d/c strap 9',Feeder,EMT Drops,D/C Drops Strap,unique
2056,5' drop n1 emt d/c strap 9',Feeder,EMT Drops,D/C Drops Strap,unique
2062,5' drop n1/0 emt d/c strap,Feeder,EMT Drops,D/C Drops Strap,unique
2068,5' drop n2/0 emt d/c strap,Feeder,EMT Drops,D/C Drops Strap,unique
2074,5' drop n3/0 emt d/c strap,Feeder,EMT Drops,D/C Drops Strap,unique
2080,5' drop n4/0 emt d/c strap,Feeder,EMT Drops,D/C Drops Strap,unique
2086,5' drop n250 emt d/c strap,Feeder,EMT Drops,D/C Drops Strap,unique
2092,5' drop n300 emt d/c strap,Feeder,EMT Drops,D/C Drops Strap,unique
2098,5' drop n350 emt d/c strap,Feeder,EMT Drops,D/C Drops Strap,unique
2104,5' drop n400 emt d/c strap,Feeder,EMT Drops,D/C Drops Strap,unique
2110,5' drop n500 emt d/c strap,Feeder,EMT Drops,D/C Drops Strap,unique
2116,5' drop n600 emt d/c strap,Feeder,EMT Drops,D/C Drops Strap,unique
2122,5' drop n750 emt d/c strap,Feeder,EMT Drops,D/C Drops Strap,unique
2135,n14 emt d/c/i strap,Branch,EMT,"D/C, Strap",unique
2144,n12 emt d/c/i strap,Branch,EMT,"D/C, Strap",unique
2153,n10 emt d/c/i strap,Branch,EMT,"D/C, Strap",unique
2195,emt s/s strap,Branch,EMT,"S/S, Strap",distance
2207,emt s/s strap concrete,Branch,EMT,"S/S, Strap Concrete",distance
2219,emt s/s beam clamp,Branch,EMT,S/S Beam Clamp,distance
2414,n14 emt s/s strap,Branch,EMT,"S/S, Strap",unique
2423,n12 emt s/s strap,Branch,EMT,"S/S, Strap",unique
2432,n10 emt s/s strap,Branch,EMT,"S/S, Strap",unique
2441,n8 emt s/s strap,Branch,EMT,"S/S, Strap",unique
2448,n6 emt s/s strap,Branch,EMT,"S/S, Strap",unique
2454,n4 emt s/s strap,Branch,EMT,"S/S, Strap",unique
2460,n3 emt s/s strap,Feeder,EMT,"S/S, Strap",unique
2466,n2 emt s/s strap,Feeder,EMT,"S/S, Strap",unique
2472,n1 emt s/s strap,Feeder,EMT,"S/S, Strap",unique
2478,n1/0 emt s/s strap,Feeder,EMT,"S/S, Strap",unique
2484,n2/0 emt s/s strap,Feeder,EMT,"S/S, Strap",unique
2490,n3/0 emt s/s strap,Feeder,EMT,"S/S, Strap",unique
2496,n4/0 emt s/s strap,Feeder,EMT,"S/S, Strap",unique
2502,n250 emt s/s strap,Feeder,EMT,"S/S, Strap",unique
2508,n300 emt s/s strap,Feeder,EMT,"S/S, Strap",unique
2514,n350 emt s/s strap,Feeder,EMT,"S/S, Strap",unique
2520,n400 emt s/s strap,Feeder,EMT,"S/S, Strap",unique
2526,n500 emt s/s strap,Feeder,EMT,"S/S, Strap",unique
2532,n600 emt s/s strap,Feeder,EMT,"S/S, Strap",unique
2538,n750 emt s/s strap,Feeder,EMT,"S/S, Strap",unique
2547,n14 emt s/s strap concrete,Branch,EMT,"S/S, Strap Concrete",unique
2556,n12 emt s/s strap concrete,Branch,EMT,"S/S, Strap Concrete",unique
2565,n10 emt s/s strap concrete,Branch,EMT,"S/S, Strap Concrete",unique
2574,n8 emt s/s strap concrete,Branch,EMT,"S/S, Strap Concrete",unique
2581,n6 emt s/s strap concrete,Branch,EMT,"S/S, Strap Concrete",unique
2587,n4 emt s/s strap concrete,Branch,EMT,"S/S, Strap Concrete",unique
2593,n3 emt s/s strap concrete,Feeder,EMT,"S/S, Strap Concrete",unique
2599,n2 emt s/s strap concrete,Feeder,EMT,"S/S, Strap Concrete",unique
2605,n1 emt s/s strap concrete,Feeder,EMT,"S/S, Strap Concrete",unique
2611,n1/0 emt s/s strap concrete,Feeder,EMT,"S/S, Strap Concrete",unique
2617,n2/0 emt s/s strap concrete,Feeder,EMT,"S/S, Strap Concrete",unique
2623,n3/0 emt s/s strap concrete,Feeder,EMT,"S/S, Strap Concrete",unique
2629,n4/0 emt s/s strap concrete,Feeder,EMT,"S/S, Strap Concrete",unique
2635,n250 emt s/s strap concrete,Feeder,EMT,"S/S, Strap Concrete",unique
2641,n300 emt s/s strap concrete,Feeder,EMT,"S/S, Strap Concrete",unique
2647,n350 emt s/s strap concrete,Feeder,EMT,"S/S, Strap Concrete",unique
2653,n400 emt s/s strap concrete,Feeder,EMT,"S/S, Strap Concrete",unique
2659,n500 emt s/s strap concrete,Feeder,EMT,"S/S, Strap Concrete",unique
2665,n600 emt s/s strap concrete,Feeder,EMT,"S/S, Strap Concrete",unique
2671,n750 emt s/s strap concrete,Feeder,EMT,"S/S, Strap Concrete",unique
2680,5' drop n3 emt s/s strap 9',Feeder,EMT Drops,S/S Drops Strap,unique
2686,5' drop n2 emt s/s strap 9',Feeder,EMT Drops,S/S Drops Strap,unique
2692,5' drop n1 emt s/s strap 9',Feeder,EMT Drops,S/S Drops Strap,unique
2698,5' drop n1/0 emt s/s strap,Feeder,EMT Drops,S/S Drops Strap,unique
2704,5' drop n2/0 emt s/s strap,Feeder,EMT Drops,S/S Drops Strap,unique
2710,5' drop n3/0 emt s/s strap,Feeder,EMT Drops,S/S Drops Strap,unique
2716,5' drop n4/0 emt s/s strap,Feeder,EMT Drops,S/S Drops Strap,unique
2722,5' drop n250 emt s/s strap,Feeder,EMT Drops,S/S Drops Strap,unique
2728,5' drop n300 emt s/s strap,Feeder,EMT Drops,S/S Drops Strap,unique
2734,5' drop n350 emt s/s strap,Feeder,EMT Drops,S/S Drops Strap,unique
2740,5' drop n400 emt s/s strap,Feeder,EMT Drops,S/S Drops Strap,unique
2746,5' drop n500 emt s/s strap,Feeder,EMT Drops,S/S Drops Strap,unique
2752,5' drop n600 emt s/s strap,Feeder,EMT Drops,S/S Drops Strap,unique
2758,5' drop n750 emt s/s strap,Feeder,EMT Drops,S/S Drops Strap,unique
2764,n14 emt s/s/i strap,Branch,EMT,"S/S, Strap",unique
2773,n12 emt s/s/i strap,Branch,EMT,"S/S, Strap",unique
2782,n10 emt s/s/i strap,Branch,EMT,"S/S, Strap",unique
2819,emt s/c strap,Branch,EMT,"S/C, Strap",distance
2831,emt s/c strap concrete,Branch,EMT,"S/C, Strap Concrete",distance
2843,emt s/c beam clamp,Branch,EMT,S/C Beam Clamp,distance
3041,n14 emt s/c strap,Branch,EMT,"S/C, Strap",unique
3050,n12 emt s/c strap,Branch,EMT,"S/C, Strap",unique
3059,n10 emt s/c strap,Branch,EMT,"S/C, Strap",unique
3068,n8 emt s/c strap,Branch,EMT,"S/C, Strap",unique
3075,n6 emt s/c strap,Branch,EMT,"S/C, Strap",unique
3081,n4 emt s/c strap,Branch,EMT,"S/C, Strap",unique
3087,n3 emt s/c strap,Feeder,EMT,"S/C, Strap",unique
3093,n2 emt s/c strap,Feeder,EMT,"S/C, Strap",unique
3099,n1 emt s/c strap,Feeder,EMT,"S/C, Strap",unique
3105,n1/0 emt s/c strap,Feeder,EMT,"S/C, Strap",unique
3111,n2/0 emt s/c strap,Feeder,EMT,"S/C, Strap",unique
3117,n3/0 emt s/c strap,Feeder,EMT,"S/C, Strap",unique
3123,n4/0 emt s/c strap,Feeder,EMT,"S/C, Strap",unique
3129,n250 emt s/c strap,Feeder,EMT,"S/C, Strap",unique
3135,n300 emt s/c strap,Feeder,EMT,"S/C, Strap",unique
3141,n350 emt s/c strap,Feeder,EMT,"S/C, Strap",unique
3147,n400 emt s/c strap,Feeder,EMT,"S/C, Strap",unique
3153,n500 emt s/c strap,Feeder,EMT,"S/C, Strap",unique
3159,n600 emt s/c strap,Feeder,EMT,"S/C, Strap",unique
3165,n750 emt s/c strap,Feeder,EMT,"S/C, Strap",unique
3174,n14 emt s/c strap concrete,Branch,EMT,"S/C, Strap Concrete",unique
3183,n12 emt s/c strap concrete,Branch,EMT,"S/C, Strap Concrete",unique
3192,n10 emt s/c strap concrete,Branch,EMT,"S/C, Strap Concrete",unique
3201,n8 emt s/c strap concrete,Branch,EMT,"S/C, Strap Concrete",unique
3208,n6 emt s/c strap concrete,Branch,EMT,"S/C, Strap Concrete",unique
3214,n4 emt s/c strap concrete,Branch,EMT,"S/C, Strap Concrete",unique
3220,n3 emt s/c strap concrete,Feeder,EMT,"S/C, Strap Concrete",unique
3226,n2 emt s/c strap concrete,Feeder,EMT,"S/C, Strap Concrete",unique
3232,n1 emt s/c strap concrete,Feeder,EMT,"S/C, Strap Concrete",unique
3238,n1/0 emt s/c strap concrete,Feeder,EMT,"S/C, Strap Concrete",unique
3244,n2/0 emt s/c strap concrete,Feeder,EMT,"S/C, Strap Concrete",unique
3250,n3/0 emt s/c strap concrete,Feeder,EMT,"S/C, Strap Concrete",unique
3256,n4/0 emt s/c strap concrete,Feeder,EMT,"S/C, Strap Concrete",unique
3262,n250 emt s/c strap concrete,Feeder,EMT,"S/C, Strap Concrete",unique
3268,n300 emt s/c strap concrete,Feeder,EMT,"S/C, Strap Concrete",unique
3274,n350 emt s/c strap concrete,Feeder,EMT,"S/C, Strap Concrete",unique
3280,n400 emt s/c strap concrete,Feeder,EMT,"S/C, Strap Concrete",unique
3286,n500 emt s/c strap concrete,Feeder,EMT,"S/C, Strap Concrete",unique
3292,n600 emt s/c strap concrete,Feeder,EMT,"S/C, Strap Concrete",unique
3298,n750 emt s/c strap concrete,Feeder,EMT,"S/C, Strap Concrete",unique
3307,5' drop n3 emt s/c strap 9',Feeder,EMT Drops,S/C Drops Strap,unique
3313,5' drop n2 emt s/c strap 9',Feeder,EMT Drops,S/C Drops Strap,unique
3319,5' drop n1 emt s/c strap 9',Feeder,EMT Drops,S/C Drops Strap,unique
3325,5' drop n1/0 emt s/c strap,Feeder,EMT Drops,S/C Drops Strap,unique
3331,5' drop n2/0 emt s/c strap,Feeder,EMT Drops,S/C Drops Strap,unique
3337,5' drop n3/0 emt s/c strap,Feeder,EMT Drops,S/C Drops Strap,unique
3343,5' drop n4/0 emt s/c strap,Feeder,EMT Drops,S/C Drops Strap,unique
3349,5' drop n250 emt s/c strap,Feeder,EMT Drops,S/C Drops Strap,unique
3355,5' drop n300 emt s/c strap,Feeder,EMT Drops,S/C Drops Strap,unique
3361,5' drop n350 emt s/c strap,Feeder,EMT Drops,S/C Drops Strap,unique
3367,5' drop n400 emt s/c strap,Feeder,EMT Drops,S/C Drops Strap,unique
3373,5' drop n500 emt s/c strap,Feeder,EMT Drops,S/C Drops Strap,unique
3379,5' drop n600 emt s/c strap,Feeder,EMT Drops,S/C Drops Strap,unique
3385,5' drop n750 emt s/c strap,Feeder,EMT Drops,S/C Drops Strap,unique
3391,n14 emt s/c/i strap,Branch,EMT,"S/C, Strap",unique
3400,n12 emt s/c/i strap,Branch,EMT,"S/C, Strap",unique
3409,n10 emt s/c/i strap,Branch,EMT,"S/C, Strap",unique
3453,emt d/s rack,Branch,EMT,"D/S, Rack",distance
3467,n14 emt d/s racks,Branch,EMT,"D/S, Rack",unique
3476,n12 emt d/s rack,Branch,EMT,"D/S, Rack",unique
3485,n10 emt d/s racks,Branch,EMT,"D/S, Rack",unique
3494,n8 emt d/s rack,Branch,EMT,"D/S, Rack",unique
3501,n6 emt d/s rack,Branch,EMT,"D/S, Rack",unique
3507,n4 emt d/s racks,Branch,EMT,"D/S, Rack",unique
3513,n3 emt d/s rack,Feeder,EMT,"D/S, Rack",unique
3519,n2 emt d/s rack,Feeder,EMT,"D/S, Rack",unique
3525,n1 emt d/s rack,Feeder,EMT,"D/S, Rack",unique
3531,n1/0 emt d/s rack,Feeder,EMT,"D/S, Rack",unique
3537,n2/0 emt d/s rack,Feeder,EMT,"D/S, Rack",unique
3543,n3/0 emt d/s rack,Feeder,EMT,"D/S, Rack",unique
3549,n4/0 emt d/s rack,Feeder,EMT,"D/S, Rack",unique
3555,n250 emt d/s rack,Feeder,EMT,"D/S, Rack",unique
3561,n300 emt d/s rack,Feeder,EMT,"D/S, Rack",unique
3567,n350 emt d/s rack,Feeder,EMT,"D/S, Rack",unique
3573,n400 emt d/s rack,Feeder,EMT,"D/S, Rack",unique
3579,n500 emt d/s rack,Feeder,EMT,"D/S, Rack",unique
3585,n600 emt d/s rack,Feeder,EMT,"D/S, Rack",unique
3591,n750 emt d/s rack,Feeder,EMT,"D/S, Rack",unique
3599,n14 emt d/s i racks,Branch,EMT,"D/S, Rack",unique
3608,n12 emt d/s i rack,Branch,EMT,"D/S, Rack",unique
3617,n10 emt d/s/i racks,Branch,EMT,"D/S, Rack",unique
3655,emt d/c rack,Branch,EMT,"D/C, Rack",distance
3668,n14 emt d/c racks,Branch,EMT,"D/C, Rack",unique
3677,n12 emt d/c racks,Branch,EMT,"D/C, Rack",unique
3686,n10 emt d/c racks,Branch,EMT,"D/C, Rack",unique
3695,n8 emt d/c racks,Branch,EMT,"D/C, Rack",unique
3702,n6 emt d/c racks,Branch,EMT,"D/C, Rack",unique
3708,n4 emt d/c racks,Branch,EMT,"D/C, Rack",unique
3714,n3 emt d/c rack,Feeder,EMT,"D/C, Rack",unique
3720,n2 emt d/c rack,Feeder,EMT,"D/C, Rack",unique
3726,n1 emt d/c rack,Feeder,EMT,"D/C, Rack",unique
3732,n1/0 emt d/c rack,Feeder,EMT,"D/C, Rack",unique
3738,n2/0 emt d/c rack,Feeder,EMT,"D/C, Rack",unique
3744,n3/0 emt d/c rack,Feeder,EMT,"D/C, Rack",unique
3750,n4/0 emt d/c rack,Feeder,EMT,"D/C, Rack",unique
3756,n250 emt d/c rack,Feeder,EMT,"D/C, Rack",unique
3762,n300 emt d/c rack,Feeder,EMT,"D/C, Rack",unique
3768,n350 emt d/c rack,Feeder,EMT,"D/C, Rack",unique
3774,n400 emt d/c rack,Feeder,EMT,"D/C, Rack",unique
3780,n500 emt d/c rack,Feeder,EMT,"D/C, Rack",unique
3786,n600 emt d/c rack,Feeder,EMT,"D/C, Rack",unique
3792,n750 emt d/c rack,Feeder,EMT,"D/C, Rack",unique
3800,n14 emt d/c/i rack,Branch,EMT,"D/C, Rack",unique
3809,n12 emt d/c/i rack,Branch,EMT,"D/C, Rack",unique
3818,n10 emt d/c/i rack,Branch,EMT,"D/C, Rack",unique
3856,emt s/s rack,Branch,EMT,"S/S, Rack",distance
3868,n14 emt s/s racks,Branch,EMT,"S/S, Rack",unique
3878,n12 emt s/s racks,Branch,EMT,"S/S, Rack",unique
3887,n10 emt s/s racks,Branch,EMT,"S/S, Rack",unique
3896,n8 emt s/s racks,Branch,EMT,"S/S, Rack",unique
3903,n6 emt s/s racks,Branch,EMT,"S/S, Rack",unique
3909,n4 emt s/s racks,Branch,EMT,"S/S, Rack",unique
3915,n3 emt s/s rack,Feeder,EMT,"S/S, Rack",unique
3921,n2 emt s/s rack,Feeder,EMT,"S/S, Rack",unique
3927,n1 emt s/s rack,Feeder,EMT,"S/S, Rack",unique
3933,n1/0 emt s/s rack,Feeder,EMT,"S/S, Rack",unique
3939,n2/0 emt s/s rack,Feeder,EMT,"S/S, Rack",unique
3945,n3/0 emt s/s rack,Feeder,EMT,"S/S, Rack",unique
3951,n4/0 emt s/s rack,Feeder,EMT,"S/S, Rack",unique
3957,n250 emt s/s rack,Feeder,EMT,"S/S, Rack",unique
3963,n300 emt s/s rack,Feeder,EMT,"S/S, Rack",unique
3969,n350 emt s/s rack,Feeder,EMT,"S/S, Rack",unique
3975,n400 emt s/s rack,Feeder,EMT,"S/S, Rack",unique
3981,n500 emt s/s rack,Feeder,EMT,"S/S, Rack",unique
3987,n600 emt s/s rack,Feeder,EMT,"S/S, Rack",unique
3993,n750 emt s/s rack,Feeder,EMT,"S/S, Rack",unique
4001,n14 emt s/s/i racks,Branch,EMT,"S/S, Rack",unique
4010,n12 emt s/s/i racks,Branch,EMT,"S/S, Rack",unique
4019,n10 emt s/s/i racks,Branch,EMT,"S/S, Rack",unique
4057,emt s/c rack,Branch,EMT,"S/C, Rack",distance
4070,n14 emt s/c racks,Branch,EMT,"S/C, Rack",unique
4079,n12 emt s/c racks,Branch,EMT,"S/C, Rack",unique
4088,n10 emt s/c racks,Branch,EMT,"S/C, Rack",unique
4097,n8 emt s/c racks,Branch,EMT,"S/C, Rack",unique
4104,n6 emt s/c racks,Branch,EMT,"S/C, Rack",unique
4110,n4 emt s/c racks,Branch,EMT,"S/C, Rack",unique
4116,n3 emt s/c rack,Feeder,EMT,"S/C, Rack",unique
4122,n2 emt s/c rack,Feeder,EMT,"S/C, Rack",unique
4128,n1 emt s/c rack,Feeder,EMT,"S/C, Rack",unique
4134,n1/0 emt s/c rack,Feeder,EMT,"S/C, Rack",unique
4140,n2/0 emt s/c rack,Feeder,EMT,"S/C, Rack",unique
4146,n3/0 emt s/c rack,Feeder,EMT,"S/C, Rack",unique
4152,n4/0 emt s/c rack,Feeder,EMT,"S/C, Rack",unique
4158,n250 emt s/c rack,Feeder,EMT,"S/C, Rack",unique
4164,n300 emt s/c rack,Feeder,EMT,"S/C, Rack",unique
4170,n350 emt s/c rack,Feeder,EMT,"S/C, Rack",unique
4176,n400 emt s/c rack,Feeder,EMT,"S/C, Rack",unique
4182,n500 emt s/c rack,Feeder,EMT,"S/C, Rack",unique
4188,n600 emt s/c rack,Feeder,EMT,"S/C, Rack",unique
4194,n750 emt s/c rack,Feeder,EMT,"S/C, Rack",unique
4202,n14 emt s/c/i racks,Branch,EMT,"S/C, Rack",unique
4211,n12 emt s/c/i racks,Branch,EMT,"S/C, Rack",unique
4220,n10 emt s/c/i racks,Branch,EMT,"S/C, Rack",unique
4257,n14 emt d/s 3/4 strap,Branch,EMT,"D/S, Strap",unique
4266,n12 emt d/s 3/4 strap,Branch,EMT,"D/S, Strap",unique
4275,n14 emt d/c 3/4 strap,Branch,EMT,"D/C, Strap",unique
4284,n12 emt d/c 3/4 strap,Branch,EMT,"D/C, Strap",unique
4293,n14 emt s/s 3/4 strap,Branch,EMT,"S/S, Strap",unique
4302,n12 emt s/s 3/4 strap,Branch,EMT,"S/S, Strap",unique
4311,n14 emt s/c 3/4 strap,Branch,EMT,"S/C, Strap",unique
4320,n12 emt s/c 3/4 strap,Branch,EMT,"S/C, Strap",unique
4330,n14 emt d/s 3/4 concrete,Branch,EMT,"D/S, Strap Concrete",unique
4339,n12 emt d/s 3/4 concrete,Branch,EMT,"D/S, Strap Concrete",unique
4348,n14 emt d/c 3/4 concrete,Branch,EMT,"D/C, Strap Concrete",unique
4357,n12 emt d/c 3/4 concrete,Branch,EMT,"D/C, Strap Concrete",unique
4366,n14 emt s/s 3/4 concrete,Branch,EMT,"S/S, Strap Concrete",unique
4375,n12 emt s/s 3/4 concrete,Branch,EMT,"S/S, Strap Concrete",unique
4384,n14 emt s/c 3/4 concrete,Branch,EMT,"S/C, Strap Concrete",unique
4393,n12 emt s/c 3/4 concrete,Branch,EMT,"S/C, Strap Concrete",unique
4403,n14 emt d/s 3/4 rack,Branch,EMT,"D/S, Rack",unique
4412,n12 emt d/s 3/4 rack,Branch,EMT,"D/S, Rack",unique
4421,n14 emt d/c 3/4 rack,Branch,EMT,"D/C, Rack",unique
4430,n12 emt d/c 3/4 rack,Branch,EMT,"D/C, Rack",unique
4439,n14 emt s/s 3/4 rack,Branch,EMT,"S/S, Rack",unique
4448,n12 emt s/s 3/4 rack,Branch,EMT,"S/S, Rack",unique
4457,n14 emt s/c 3/4 rack,Branch,EMT,"S/C, Rack",unique
4466,n12 emt s/c 3/4 rack,Branch,EMT,"S/C, Rack",unique
4476,n14 emt d/s 3/4 beam clamp,Branch,EMT,D/S Beam Clamp,unique
4485,n12 emt d/s 3/4 beam clamp,Branch,EMT,D/S Beam Clamp,unique
4494,n14 emt d/c 3/4 beam clamp,Branch,EMT,D/C Beam Clamp,unique
4503,n12 emt d/c 3/4 beam clamp,Branch,EMT,D/C Beam Clamp,unique
4512,n14 emt s/s 3/4 beam clamp,Branch,EMT,S/S Beam Clamp,unique
4521,n12 emt s/s 3/4 beam clamp,Branch,EMT,S/S Beam Clamp,unique
4530,n14 emt s/c 3/4 beam clamp,Branch,EMT,S/C Beam Clamp,unique
4539,n12 emt s/c 3/4 beam clamp,Branch,EMT,S/C Beam Clamp,unique
4548,liquidtight flex,Branch,Flex,Liquidtight/Sealtite,unique
4563,liquidtight connector,Branch,Flex,Liquidtight/Sealtite,unique
4576,liquidtight 90 connector,Branch,Flex,Liquidtight/Sealtite,unique
4589,liquidtight non-metallic fl,Branch,Flex,Liquidtight Non-Metallic,unique
4598,liquidtight non-metallic co,Branch,Flex,Liquidtight Non-Metallic,unique
4607,liquidtight 90 non-metallic,Branch,Flex,Liquidtight Non-Metallic,unique
4617,grc 1/2,Branch,GRC,GRC Branch Parts,distance
4643,grc 3/4,Branch,GRC,GRC Branch Parts,distance
4669,grc 1,Branch,GRC,GRC Branch Parts,distance
4697,grc 1 1/4,Feeder,GRC,GRC Feeder Parts,distance
4732,grc 1 1/2,Feeder,GRC,GRC Feeder Parts,distance
4767,grc 2,Feeder,GRC,GRC Feeder Parts,distance
4801,grc 2 1/2,Feeder,GRC,GRC Feeder Parts,distance
4835,grc 3,Feeder,GRC,GRC Feeder Parts,distance
4868,grc 3 1/2,Feeder,GRC,GRC Feeder Parts,unique
4903,grc 4,Feeder,GRC,GRC Feeder Parts,distance
4935,grc 5,Feeder,GRC,GRC Feeder Parts,distance
4963,grc 6,Feeder,GRC,GRC Feeder Parts,distance
4987,n14 grc no support,Branch,GRC,GRC No Support,unique
4996,n12 grc no support,Branch,GRC,GRC No Support,unique
5005,n10 grc no support,Branch,GRC,GRC No Support,unique
5014,n8 grc no support,Branch,GRC,GRC No Support,unique
5021,n6 grc no support,Branch,GRC,GRC No Support,unique
5027,n4 grc no support,Branch,GRC,GRC No Support,distance
5033,n14 grc strap,Branch,GRC,GRC Strap,unique
5042,n12 grc strap,Branch,GRC,GRC Strap,unique
5051,n10 grc strap,Branch,GRC,GRC Strap,unique
5060,n8 grc strap,Branch,GRC,GRC Strap,unique
5067,n6 grc strap,Branch,GRC,GRC Strap,unique
5073,n4 grc strap,Branch,GRC,GRC Strap,unique
5078,n14 3/4 grc strap,Branch,GRC,GRC Strap,loose
5087,n12 3/4 grc strap,Branch,GRC,GRC Strap,loose
5097,n3 grc strap,Feeder,GRC,GRC Strap,unique
5103,n2 grc strap,Feeder,GRC,GRC Strap,unique
5109,n1 grc strap,Feeder,GRC,GRC Strap,unique
5115,n1/0 grc strap,Feeder,GRC,GRC Strap,unique
5121,n2/0 grc strap,Feeder,GRC,GRC Strap,unique
5127,n3/0 grc strap,Feeder,GRC,GRC Strap,unique
5133,n4/0 grc strap,Feeder,GRC,GRC Strap,unique
5139,n250 grc strap,Feeder,GRC,GRC Strap,unique
5145,n300 grc strap,Feeder,GRC,GRC Strap,unique
5151,n350 grc strap,Feeder,GRC,GRC Strap,unique
5157,n400 grc strap,Feeder,GRC,GRC Strap,unique
5163,n500 grc strap,Feeder,GRC,GRC Strap,unique
5169,n600 grc strap,Feeder,GRC,GRC Strap,unique
5175,n750 grc strap,Feeder,GRC,GRC Strap,unique
5183,n14 grc strap concrete,Branch,GRC,GRC Strap Concrete,unique
5192,n12 grc strap concrete,Branch,GRC,GRC Strap Concrete,unique
5201,n10  grc strap concrete,Branch,GRC,GRC Strap Concrete,unique
5210,n8 grc strap concrete,Branch,GRC,GRC Strap Concrete,unique
5217,n6 grc strap concrete,Branch,GRC,GRC Strap Concrete,unique
5223,n4 grc strap concrete,Branch,GRC,GRC Strap Concrete,unique
5228,n14 3/4 grc strap concrete,Branch,GRC,GRC Strap Concrete,distance
5237,n12 3/4 grc strap concrete,Branch,GRC,GRC Strap Concrete,distance
5248,n3 grc strap conc.,Feeder,GRC,GRC Strap Concrete,unique
5254,n2 grc strap conc.,Feeder,GRC,GRC Strap Concrete,unique
5260,n1 grc strap conc.,Feeder,GRC,GRC Strap Concrete,unique
5266,n1/0 grc strap conc.,Feeder,GRC,GRC Strap Concrete,unique
5272,n2/0 grc strap conc,Feeder,GRC,GRC Strap Concrete,unique
5278,n3/0 grc strap conc.,Feeder,GRC,GRC Strap Concrete,unique
5284,n4/0 grc strap conc.,Feeder,GRC,GRC Strap Concrete,unique
5290,n250 grc strap conc.,Feeder,GRC,GRC Strap Concrete,unique
5296,n300 grc strap conc.,Feeder,GRC,GRC Strap Concrete,unique
5302,n350 grc strap conc.,Feeder,GRC,GRC Strap Concrete,unique
5308,n400 grc strap conc.,Feeder,GRC,GRC Strap Concrete,unique
5314,n500 grc  strap conc.,Feeder,GRC,GRC Strap Concrete,unique
5320,n600 grc  strap conc.,Feeder,GRC,GRC Strap Concrete,unique
5326,n750 grc  strap conc.,Feeder,GRC,GRC Strap Concrete,unique
5335,n14 grc rack,Branch,GRC,GRC Rack,unique
5344,n12 grc rack,Branch,GRC,GRC Rack,unique
5353,n10 grc rack,Branch,GRC,GRC Rack,unique
5362,n8 grc rack,Branch,GRC,GRC Rack,unique
5369,n6 grc rack,Branch,GRC,GRC Rack,unique
5375,n4 grc rack,Branch,GRC,GRC Rack,unique
5380,n14 3/4 grc rack,Branch,GRC,GRC Rack,loose
5389,n12 3/4 grc rack,Branch,GRC,GRC Rack,loose
5400,n3 grc rack,Feeder,GRC,GRC Rack,unique
5406,n2 grc rack,Feeder,GRC,GRC Rack,unique
5412,n1 grc rack,Feeder,GRC,GRC Rack,unique
5418,n1/0 grc rack,Feeder,GRC,GRC Rack,unique
5424,n2/0 grc rack,Feeder,GRC,GRC Rack,unique
5430,n3/0 grc rack,Feeder,GRC,GRC Rack,unique
5436,n4/0 grc rack,Feeder,GRC,GRC Rack,unique
5442,n250 grc rack,Feeder,GRC,GRC Rack,unique
5448,n300 grc rack,Feeder,GRC,GRC Rack,unique
5454,n350 grc rack,Feeder,GRC,GRC Rack,unique
5460,n400 grc rack,Feeder,GRC,GRC Rack,unique
5466,n500 grc  rack,Feeder,GRC,GRC Rack,unique
5472,n600 grc rack,Feeder,GRC,GRC Rack,unique
5478,n750 grc  rack,Feeder,GRC,GRC Rack,unique
5488,n14 grc underground,Branch,GRC,GRC Underground,unique
5497,n12 grc underground,Branch,GRC,GRC Underground,unique
5506,n10 grc  underground,Branch,GRC,GRC Underground,unique
5515,n8 grc  underground,Branch,GRC,GRC Underground,unique
5522,n6 grc  underground,Branch,GRC,GRC Underground,unique
5528,n4 grc  underground,Branch,GRC,GRC Underground,unique
5533,n14 3/4 grc underground,Branch,GRC,GRC Underground,loose
5542,n12 3/4 grc underground,Branch,GRC,GRC Underground,loose
5553,n3 grc underground,Feeder,GRC,GRC Underground,unique
5559,n2 grc underground,Feeder,GRC,GRC Underground,unique
5565,n1 grc underground,Feeder,GRC,GRC Underground,unique
5571,n1/0 grc underground,Feeder,GRC,GRC Underground,unique
5577,n2/0 grc underground,Feeder,GRC,GRC Underground,unique
5583,n3/0 grc underground,Feeder,GRC,GRC Underground,unique
5589,n4/0 grc underground,Feeder,GRC,GRC Underground,unique
5595,n250 grc underground,Feeder,GRC,GRC Underground,unique
5601,n300 grc underground,Feeder,GRC,GRC Underground,unique
5607,n350 grc underground,Feeder,GRC,GRC Underground,unique
5613,n400 grc underground,Feeder,GRC,GRC Underground,unique
5619,n500 grc  underground,Feeder,GRC,GRC Underground,unique
5625,n600 grc underground,Feeder,GRC,GRC Underground,unique
5631,n750 grc  underground,Feeder,GRC,GRC Underground,unique
5639,n14 grc beam clamp,Branch,GRC,GRC Beam Clamp,unique
5648,n12 grc beam clamp,Branch,GRC,GRC Beam Clamp,unique
5657,n10 grc beam clamp,Branch,GRC,GRC Beam Clamp,unique
5666,n8 grc beam clamp,Branch,GRC,GRC Beam Clamp,unique
5673,n6 grc beam clamp,Branch,GRC,GRC Beam Clamp,unique
5679,n4 grc beam clamp,Branch,GRC,GRC Beam Clamp,unique
5684,n14 3/4 grc beam clamp,Branch,GRC,GRC Beam Clamp,loose
5693,n12 3/4 grc beam clamp,Branch,GRC,GRC Beam Clamp,loose
5705,n3 grc beam clamp,Feeder,GRC,GRC Beam Clamp,unique
5711,n2 grc beam clamp,Feeder,GRC,GRC Beam Clamp,unique
5717,n1 grc beam clamp,Feeder,GRC,GRC Beam Clamp,unique
5723,n1/0 grc beam clamp,Feeder,GRC,GRC Beam Clamp,unique
5729,n2/0 grc beam clamp,Feeder,GRC,GRC Beam Clamp,unique
5735,n3/0 grc beam clamp,Feeder,GRC,GRC Beam Clamp,unique
5741,n4/0 grc beam clamp,Feeder,GRC,GRC Beam Clamp,unique
5747,n250 grc beam clamp,Feeder,GRC,GRC Beam Clamp,unique
5753,n300 grc beam clamp,Feeder,GRC,GRC Beam Clamp,unique
5759,n350 grc beam clamp,Feeder,GRC,GRC Beam Clamp,unique
5765,n400 grc beam clamp,Feeder,GRC,GRC Beam Clamp,unique
5771,n500 grc  beam clamp,Feeder,GRC,GRC Beam Clamp,unique
5777,n600 grc beam clamp,Feeder,GRC,GRC Beam Clamp,unique
5783,n750 grc  beam clamp,Feeder,GRC,GRC Beam Clamp,unique
5793,imc 1/2,Branch,IMC,IMC Branch Parts,distance
5811,imc 3/4,Branch,IMC,IMC Branch Parts,distance
5829,imc 1,Branch,IMC,IMC Branch Parts,distance
5849,imc 1 1/4,Feeder,IMC,IMC Feeder Parts,distance
5878,imc 1 1/2,Feeder,IMC,IMC Feeder Parts,distance
5907,imc 2,Feeder,IMC,IMC Feeder Parts,distance
5936,imc 2 1/2,Feeder,IMC,IMC Feeder Parts,distance
5964,imc 3,Feeder,IMC,IMC Feeder Parts,distance
5992,imc 3 1/2,Feeder,IMC,IMC Feeder Parts,distance
6020,imc 4,Feeder,IMC,IMC Feeder Parts,distance
6050,n14 imc no strap,Branch,IMC,IMC No Strap,unique
6059,n12 imc no strap,Branch,IMC,IMC No Strap,unique
6068,n10 imc no strap,Branch,IMC,IMC No Strap,unique
6077,n8 imc no strap,Branch,IMC,IMC No Strap,distance
6084,n6 imc no strap,Branch,IMC,IMC No Strap,distance
6090,n4 imc no strap,Branch,IMC,IMC No Strap,distance
6095,n14 imc strap,Branch,IMC,IMC Strap,unique
6104,n12 imc strap,Branch,IMC,IMC Strap,unique
6113,n10 imc strap,Branch,IMC,IMC Strap,unique
6122,n8 imc strap,Branch,IMC,IMC Strap,distance
6129,n6 imc strap,Branch,IMC,IMC Strap,distance
6135,n4 imc strap,Branch,IMC,IMC Strap,distance
6140,n14 imc 3/4 strap,Branch,IMC,IMC Strap,loose
6149,n12 imc 3/4 strap,Branch,IMC,IMC Strap,loose
6159,n14 imc strap concrete,Branch,IMC,IMC Strap Concrete,unique
6168,n12 imc strap concrete,Branch,IMC,IMC Strap Concrete,unique
6177,n10 imc strap concrete,Branch,IMC,IMC Strap Concrete,unique
6186,n8 imc strap concrete,Branch,IMC,IMC Strap Concrete,unique
6193,n6 imc strap concrete,Branch,IMC,IMC Strap Concrete,unique
6199,n4 imc strap concrete,Branch,IMC,IMC Strap Concrete,unique
6204,n14 imc 3/4 strap concrete,Branch,IMC,IMC Strap Concrete,loose
6213,n12 imc 3/4 strap concrete,Branch,IMC,IMC Strap Concrete,loose
6224,n3 imc strap conc.,Feeder,IMC,IMC Strap Concrete,unique
6230,n2 imc strap conc.,Feeder,IMC,IMC Strap Concrete,unique
6236,n1 imc strap conc.,Feeder,IMC,IMC Strap Concrete,unique
6242,n1/0 imc strap conc.,Feeder,IMC,IMC Strap Concrete,unique
6248,n2/0 imc strap conc,Feeder,IMC,IMC Strap Concrete,loose
6254,n3/0 imc strap conc.,Feeder,IMC,IMC Strap Concrete,unique
6260,n4/0 imc strap conc.,Feeder,IMC,IMC Strap Concrete,unique
6266,n250 imc strap conc.,Feeder,IMC,IMC Strap Concrete,unique
6272,n300 imc strap conc.,Feeder,IMC,IMC Strap Concrete,unique
6278,n350 imc strap conc.,Feeder,IMC,IMC Strap Concrete,unique
6284,n400 imc strap conc.,Feeder,IMC,IMC Strap Concrete,unique
6290,n500 imc strap conc.,Feeder,IMC,IMC Strap Concrete,unique
6296,n600 imc strap conc.,Feeder,IMC,IMC Strap Concrete,unique
6302,n750 imc  strap conc.,Feeder,IMC,IMC Strap Concrete,unique
6310,n14 imc racks,Branch,IMC,IMC Racks,unique
6319,n12 imc racks,Branch,IMC,IMC Racks,unique
6328,n10 imc racks,Branch,IMC,IMC Racks,unique
6337,n8 imc racks,Branch,IMC,IMC Racks,unique
6344,n6 imc racks,Branch,IMC,IMC Racks,unique
6350,n4 imc racks,Branch,IMC,IMC Racks,unique
6355,n14 3/4 imc racks,Branch,IMC,IMC Racks,loose
6364,n12 3/4 imc racks,Branch,IMC,IMC Racks,loose
6375,n3 imc rack,Feeder,IMC,IMC Racks,unique
6381,n2 imc rack,Feeder,IMC,IMC Racks,unique
6387,n1 imc rack,Feeder,IMC,IMC Racks,unique
6393,n1/0 imc rack,Feeder,IMC,IMC Racks,unique
6399,n2/0 imc rack,Feeder,IMC,IMC Racks,unique
6405,n3/0 imc rack,Feeder,IMC,IMC Racks,unique
6411,n4/0 imc rack,Feeder,IMC,IMC Racks,unique
6417,n250 imc rack,Feeder,IMC,IMC Racks,unique
6423,n300 imc rack,Feeder,IMC,IMC Racks,unique
6429,n350 imc rack,Feeder,IMC,IMC Racks,unique
6435,n400 imc rack,Feeder,IMC,IMC Racks,unique
6441,n500 imc  rack,Feeder,IMC,IMC Racks,unique
6447,n600 imc rack,Feeder,IMC,IMC Racks,unique
6453,n750 imc  rack,Feeder,IMC,IMC Racks,unique
6461,n3 imc underground,Feeder,IMC,IMC Underground,unique
6467,n2 imc underground,Feeder,IMC,IMC Underground,unique
6473,n1 imc underground,Feeder,IMC,IMC Underground,unique
6479,n1/0 imc underground,Feeder,IMC,IMC Underground,unique
6485,n2/0 imc underground,Feeder,IMC,IMC Underground,unique
6491,n3/0 imc underground,Feeder,IMC,IMC Underground,unique
6497,n4/0 imc underground,Feeder,IMC,IMC Underground,unique
6503,n250 imc underground,Feeder,IMC,IMC Underground,unique
6509,n300 imc underground,Feeder,IMC,IMC Underground,unique
6515,n350 imc underground,Feeder,IMC,IMC Underground,unique
6521,n400 imc underground,Feeder,IMC,IMC Underground,unique
6527,n500 imc  underground,Feeder,IMC,IMC Underground,unique
6533,n600 imc underground,Feeder,IMC,IMC Underground,unique
6539,n750 imc  underground,Feeder,IMC,IMC Underground,unique
6548,n14 imc beam clamp,Branch,IMC,IMC Beam Clamp,unique
6557,n12 imc beam clamp,Branch,IMC,IMC Beam Clamp,unique
6566,n10 imc beam clamp,Branch,IMC,IMC Beam Clamp,unique
6575,n8 imc beam clamp,Branch,IMC,IMC Beam Clamp,unique
6582,n6 imc beam clamp,Branch,IMC,IMC Beam Clamp,unique
6588,n4 imc beam clamp,Branch,IMC,IMC Beam Clamp,unique
6593,n14 3/4 imc beam clamp,Branch,IMC,IMC Beam Clamp,loose
6602,n12 3/4 imc beam clamp,Branch,IMC,IMC Beam Clamp,loose
6613,n3 imc beam clamp,Feeder,IMC,IMC Beam Clamp,unique
6619,n2 imc beam clamp,Feeder,IMC,IMC Beam Clamp,unique
6625,n1 imc beam clamp,Feeder,IMC,IMC Beam Clamp,unique
6631,n1/0 imc beam clamp,Feeder,IMC,IMC Beam Clamp,unique
6637,n2/0 imc beam clamp,Feeder,IMC,IMC Beam Clamp,unique
6643,n3/0 imc beam clamp,Feeder,IMC,IMC Beam Clamp,unique
6649,n4/0 imc beam clamp,Feeder,IMC,IMC Beam Clamp,unique
6655,n250 imc beam clamp,Feeder,IMC,IMC Beam Clamp,unique
6661,n300 imc beam clamp,Feeder,IMC,IMC Beam Clamp,unique
6667,n350 imc beam clamp,Feeder,IMC,IMC Beam Clamp,unique
6673,n400 imc beam clamp,Feeder,IMC,IMC Beam Clamp,unique
6679,n500 imc  beam clamp,Feeder,IMC,IMC Beam Clamp,unique
6685,n600 imc beam clamp,Feeder,IMC,IMC Beam Clamp,unique
6691,n750 imc  beam clamp,Feeder,IMC,IMC Beam Clamp,unique
6699,1/2 al branch,Branch,AL Rigid Conduit,Al Branch Parts,unique
6720,3/4 al branch,Branch,AL Rigid Conduit,Al Branch Parts,unique
6741,1 al branch,Branch,AL Rigid Conduit,Al Branch Parts,unique
6763,1 1/4 al feeder,Feeder,AL Rigid Conduit,Al Feeder Parts,distance
6792,1 1/2 al feeder,Feeder,AL Rigid Conduit,Al Feeder Parts,unique
6821,2 al feeder,Feeder,AL Rigid Conduit,Al Feeder Parts,unique
6850,2 1/2 al feeder,Feeder,AL Rigid Conduit,Al Feeder Parts,unique
6878,3 al feeder,Feeder,AL Rigid Conduit,Al Feeder Parts,unique
6906,3 1/2 al feeder,Feeder,AL Rigid Conduit,Al Feeder Parts,unique
6933,4 al feeder,Feeder,AL Rigid Conduit,Al Feeder Parts,unique
6965,n14 al no strap,Branch,AL Rigid Conduit,Al No Strap,unique
6974,n12 al no strap,Branch,AL Rigid Conduit,Al No Strap,unique
6983,n10 al no strap,Branch,AL Rigid Conduit,Al No Strap,unique
6992,n8 al no strap,Branch,AL Rigid Conduit,Al No Strap,unique
6999,n6 al no strap,Branch,AL Rigid Conduit,Al No Strap,unique
7005,n4 al no strap,Branch,AL Rigid Conduit,Al No Strap,unique
7010,n14 al strap,Branch,AL Rigid Conduit,Al Strap,unique
7019,n12 al strap,Branch,AL Rigid Conduit,Al Strap,unique
7028,n10 al strap,Branch,AL Rigid Conduit,Al Strap,unique
7037,n8 al strap,Branch,AL Rigid Conduit,Al Strap,distance
7044,n6 al strap,Branch,AL Rigid Conduit,Al Strap,distance
7050,n4 al strap,Branch,AL Rigid Conduit,Al Strap,distance
7055,n14 3/4 al strap,Branch,AL Rigid Conduit,Al Strap,loose
7064,n12 3/4 al strap,Branch,AL Rigid Conduit,Al Strap,loose
7074,n3 al strap,Feeder,AL Rigid Conduit,Al Strap,unique
7080,n2 al strap,Feeder,AL Rigid Conduit,Al Strap,unique
7086,n1 al strap,Feeder,AL Rigid Conduit,Al Strap,unique
7092,n1/0 al strap,Feeder,AL Rigid Conduit,Al Strap,unique
7098,n2/0 al strap,Feeder,AL Rigid Conduit,Al Strap,unique
7104,n3/0 al strap,Feeder,AL Rigid Conduit,Al Strap,unique
7110,n4/0 al strap,Feeder,AL Rigid Conduit,Al Strap,unique
7116,n250 al strap,Feeder,AL Rigid Conduit,Al Strap,unique
7122,n300 al strap,Feeder,AL Rigid Conduit,Al Strap,unique
7128,n350 al strap,Feeder,AL Rigid Conduit,Al Strap,unique
7134,n400 al strap,Feeder,AL Rigid Conduit,Al Strap,unique
7140,n500 al strap,Feeder,AL Rigid Conduit,Al Strap,unique
7146,n600 al strap,Feeder,AL Rigid Conduit,Al Strap,unique
7152,n750 al strap,Feeder,AL Rigid Conduit,Al Strap,unique
7161,n3 al strap concrete,Feeder,AL Rigid Conduit,Al Strap Concrete,unique
7167,n2 al strap concrete,Feeder,AL Rigid Conduit,Al Strap Concrete,unique
7173,n1 al strap concrete,Feeder,AL Rigid Conduit,Al Strap Concrete,unique
7179,n1/0 al strap concrete,Feeder,AL Rigid Conduit,Al Strap Concrete,unique
7185,n2/0 al strap concrete,Feeder,AL Rigid Conduit,Al Strap Concrete,unique
7191,n3/0 al strap concrete,Feeder,AL Rigid Conduit,Al Strap Concrete,unique
7197,n4/0 al strap concrete,Feeder,AL Rigid Conduit,Al Strap Concrete,unique
7203,n250 al strap concrete,Feeder,AL Rigid Conduit,Al Strap Concrete,unique
7209,n300 al strap concrete,Feeder,AL Rigid Conduit,Al Strap Concrete,unique
7215,n350 al strap concrete,Feeder,AL Rigid Conduit,Al Strap Concrete,unique
7221,n400 al strap concrete,Feeder,AL Rigid Conduit,Al Strap Concrete,unique
7227,n500 al strap concrete,Feeder,AL Rigid Conduit,Al Strap Concrete,unique
7233,n600 al strap concrete,Feeder,AL Rigid Conduit,Al Strap Concrete,unique
7239,n750 al strap concrete,Feeder,AL Rigid Conduit,Al Strap Concrete,unique
7246,n14 al rack,Branch,AL Rigid Conduit,Al Rack,unique
7255,n12 al rack,Branch,AL Rigid Conduit,Al Rack,unique
7264,n10 al rack,Branch,AL Rigid Conduit,Al Rack,unique
7273,n8 al rack,Branch,AL Rigid Conduit,Al Rack,distance
7280,n6 al rack,Branch,AL Rigid Conduit,Al Rack,distance
7286,n4 al rack,Branch,AL Rigid Conduit,Al Rack,distance
7291,n14 3/4 al rack,Branch,AL Rigid Conduit,Al Rack,loose
7300,n12 3/4 al rack,Branch,AL Rigid Conduit,Al Rack,loose
7311,n3 al rack,Feeder,AL Rigid Conduit,Al Rack,unique
7317,n2 al rack,Feeder,AL Rigid Conduit,Al Rack,unique
7323,n1 al rack,Feeder,AL Rigid Conduit,Al Rack,unique
7329,n1/0 al rack,Feeder,AL Rigid Conduit,Al Rack,unique
7335,n2/0 al rack,Feeder,AL Rigid Conduit,Al Rack,unique
7341,n3/0  al rack,Feeder,AL Rigid Conduit,Al Rack,unique
7347,n4/0 al rack,Feeder,AL Rigid Conduit,Al Rack,unique
7353,n250 al rack,Feeder,AL Rigid Conduit,Al Rack,unique
7365,n350 al rack,Feeder,AL Rigid Conduit,Al Rack,unique
7371,n400 al rack,Feeder,AL Rigid Conduit,Al Rack,unique
7377,n500 al rack,Feeder,AL Rigid Conduit,Al Rack,unique
7383,n600 al rack,Feeder,AL Rigid Conduit,Al Rack,unique
7389,n750 al rack,Feeder,AL Rigid Conduit,Al Rack,unique
7397,n3 al beam clamp,Feeder,AL Rigid Conduit,Al Beam Clamp,unique
7403,n2 al beam clamp,Feeder,AL Rigid Conduit,Al Beam Clamp,unique
7409,n1 al beam clamp,Feeder,AL Rigid Conduit,Al Beam Clamp,unique
7415,n1/0 al beam clamp,Feeder,AL Rigid Conduit,Al Beam Clamp,unique
7421,n2/0 al beam clamp,Feeder,AL Rigid Conduit,Al Beam Clamp,unique
7427,n3/0  al beam clamp,Feeder,AL Rigid Conduit,Al Beam Clamp,unique
7433,n4/0 al beam clamp,Feeder,AL Rigid Conduit,Al Beam Clamp,unique
7439,n250 al beam clamp,Feeder,AL Rigid Conduit,Al Beam Clamp,unique
7445,n300 al beam clamp,Feeder,AL Rigid Conduit,Al Beam Clamp,unique
7451,n350 al beam clamp,Feeder,AL Rigid Conduit,Al Beam Clamp,unique
7457,n400 al beam clamp,Feeder,AL Rigid Conduit,Al Beam Clamp,unique
7463,n500 al beam clamp,Feeder,AL Rigid Conduit,Al Beam Clamp,unique
7469,n600 al beam clamp,Feeder,AL Rigid Conduit,Al Beam Clamp,unique
7475,n750 al beam clamp,Feeder,AL Rigid Conduit,Al Beam Clamp,unique
7483,1/2 grc/pvc,Heavy Industrial,Conduit,GRC/PVC,unique
7484,branch 1/2 grc/pvc,Branch,GRC/PVC,GRC/PVC Branch Parts,distance
7499,3/4 grc/pvc,Heavy Industrial,Conduit,GRC/PVC,loose
7500,branch 3/4 grc/pvc,Branch,GRC/PVC,GRC/PVC Branch Parts,distance
7516,1 grc/pvc,Heavy Industrial,Conduit,GRC/PVC,loose
7517,branch 1 grc/pvc,Branch,GRC/PVC,GRC/PVC Branch Parts,loose
7534,1 1/4 grc/pvc,Heavy Industrial,Conduit,GRC/PVC,unique
7535,feeder 1 1/4 grc/pvc,Feeder,GRC/PVC,GRC/PVC Feeder Parts,distance
7553,1 1/2 grc/pvc,Heavy Industrial,Conduit,GRC/PVC,unique
7554,feeder 1 1/2 grc/pvc,Feeder,GRC/PVC,GRC/PVC Feeder Parts,distance
7572,2 grc/pvc,Heavy Industrial,Conduit,GRC/PVC,unique
7573,feeder 2 grc/pvc,Feeder,GRC/PVC,GRC/PVC Feeder Parts,distance
7591,2 1/2 grc/pvc,Heavy Industrial,Conduit,GRC/PVC,unique
7592,feeder 2 1/2 grc/pvc,Feeder,GRC/PVC,GRC/PVC Feeder Parts,distance
7610,3 grc/pvc,Heavy Industrial,Conduit,GRC/PVC,unique
7611,feeder 3 grc/pvc,Feeder,GRC/PVC,GRC/PVC Feeder Parts,distance
7629,3 1/2 grc/pvc,Heavy Industrial,Conduit,GRC/PVC,unique
7630,feeder 3 1/2 grc/pvc,Feeder,GRC/PVC,GRC/PVC Feeder Parts,distance
7647,4 grc/pvc,Heavy Industrial,Conduit,GRC/PVC,unique
7648,feeder 4 grc/pvc,Feeder,GRC/PVC,GRC/PVC Feeder Parts,distance
7668,n14 grc/pvc no strap,Branch,GRC/PVC,GRC/PVC No Strap,unique
7677,n12 grc/pvc no strap,Branch,GRC/PVC,GRC/PVC No Strap,unique
7686,n10 grc/pvc no strap,Branch,GRC/PVC,GRC/PVC No Strap,unique
7695,n8 grc/pvc no strap,Branch,GRC/PVC,GRC/PVC No Strap,unique
7702,n6 grc/pvc no strap,Branch,GRC/PVC,GRC/PVC No Strap,unique
7708,n4 grc/pvc no strap,Branch,GRC/PVC,GRC/PVC No Strap,unique
7714,n3 grc/pvc no strap,Feeder,GRC/PVC,GRC/PVC No Support,unique
7720,n2 grc/pvc  no strap,Feeder,GRC/PVC,GRC/PVC No Support,unique
7726,n1 grc/pvc  no strap,Feeder,GRC/PVC,GRC/PVC No Support,unique
7732,n1/0 grc/pvc  no strap,Feeder,GRC/PVC,GRC/PVC No Support,unique
7738,n2/0 grc/pvc  no strap,Feeder,GRC/PVC,GRC/PVC No Support,unique
7744,n3/0 grc/pvc  no strap,Feeder,GRC/PVC,GRC/PVC No Support,unique
7750,n4/0 grc/pvc  no strap,Feeder,GRC/PVC,GRC/PVC No Support,unique
7756,n250 grc/pvc  no strap,Feeder,GRC/PVC,GRC/PVC No Support,unique
7768,n350 grc/pvc  no strap,Feeder,GRC/PVC,GRC/PVC No Support,unique
7774,n400 grc/pvc  no strap,Feeder,GRC/PVC,GRC/PVC No Support,unique
7780,n500 grc/pvc  no strap,Feeder,GRC/PVC,GRC/PVC No Support,unique
7786,n600 grc/pvc  no strap,Feeder,GRC/PVC,GRC/PVC No Support,unique
7792,n750 grc/pvc  no strap,Feeder,GRC/PVC,GRC/PVC No Support,unique
7800,n14 grc/pvc strap,Branch,GRC/PVC,GRC/PVC Strap,unique
7809,n12 grc/pvc strap,Branch,GRC/PVC,GRC/PVC Strap,unique
7818,n10 grc/pvc strap,Branch,GRC/PVC,GRC/PVC Strap,unique
7827,n8 grc/pvc strap,Branch,GRC/PVC,GRC/PVC Strap,unique
7834,n6 grc/pvc strap,Branch,GRC/PVC,GRC/PVC Strap,unique
7840,n4 grc/pvc strap,Branch,GRC/PVC,GRC/PVC Strap,unique
7845,n14 3/4 grc/pvc strap,Branch,GRC/PVC,GRC/PVC Strap,loose
7854,n12 3/4 grc/pvc strap,Branch,GRC/PVC,GRC/PVC Strap,loose
7865,n3 grc/pvc strap,Feeder,GRC/PVC,GRC/PVC Strap,unique
7871,n2 grc/pvc strap,Feeder,GRC/PVC,GRC/PVC Strap,unique
7877,n1 grc/pvc strap,Feeder,GRC/PVC,GRC/PVC Strap,unique
7883,n1/0 grc/pvc strap,Feeder,GRC/PVC,GRC/PVC Strap,unique
7889,n2/0 grc/pvc strap,Feeder,GRC/PVC,GRC/PVC Strap,unique
7895,n3/0 grc/pvc strap,Feeder,GRC/PVC,GRC/PVC Strap,unique
7901,n4/0 grc/pvc strap,Feeder,GRC/PVC,GRC/PVC Strap,unique
7907,n250 grc/pvc strap,Feeder,GRC/PVC,GRC/PVC Strap,unique
7913,n300 grc/pvc strap,Feeder,GRC/PVC,GRC/PVC Strap,unique
7919,n350 grc/pvc strap,Feeder,GRC/PVC,GRC/PVC Strap,unique
7925,n400 grc/pvc strap,Feeder,GRC/PVC,GRC/PVC Strap,unique
7931,n500 grc/pvc strap,Feeder,GRC/PVC,GRC/PVC Strap,unique
7937,n600 grc/pvc strap,Feeder,GRC/PVC,GRC/PVC Strap,unique
7943,n750 grc/pvc strap,Feeder,GRC/PVC,GRC/PVC Strap,unique
7953,n14 grc/pvc strap concrete,Branch,GRC/PVC,GRC/PVC Strp Concrete,unique
7962,n12 grc/pvc strap concrete,Branch,GRC/PVC,GRC/PVC Strp Concrete,unique
7971,n10 grc/pvc strap concrete,Branch,GRC/PVC,GRC/PVC Strp Concrete,unique
7980,n8 grc/pvc strap concrete,Branch,GRC/PVC,GRC/PVC Strp Concrete,unique
7987,n6 grc/pvc strap concrete,Branch,GRC/PVC,GRC/PVC Strp Concrete,unique
7993,n4 grc/pvc strap concrete,Branch,GRC/PVC,GRC/PVC Strp Concrete,unique
7998,n14 3/4 grc/pvc strap conc,Branch,GRC/PVC,GRC/PVC Strp Concrete,loose
8007,n12 3/4 grc/pvc strap conc,Branch,GRC/PVC,GRC/PVC Strp Concrete,loose
8018,n3 grc/pvc strap conc.,Feeder,GRC/PVC,GRC/PVC Strap Concrete,unique
8024,n2 grc/pvc strap conc.,Feeder,GRC/PVC,GRC/PVC Strap Concrete,unique
8030,n1 grc/pvc strap conc.,Feeder,GRC/PVC,GRC/PVC Strap Concrete,unique
8036,n1/0 grc/pvc strap conc.,Feeder,GRC/PVC,GRC/PVC Strap Concrete,unique
8042,n2/0 grc/pvc strap conc.,Feeder,GRC/PVC,GRC/PVC Strap Concrete,unique
8048,n3/0 grc/pvc strap conc.,Feeder,GRC/PVC,GRC/PVC Strap Concrete,unique
8054,n4/0 grc/pvc strap conc.,Feeder,GRC/PVC,GRC/PVC Strap Concrete,unique
8060,n250 grc/pvc strap conc.,Feeder,GRC/PVC,GRC/PVC Strap Concrete,unique
8066,n300 grc/pvc strap conc.,Feeder,GRC/PVC,GRC/PVC Strap Concrete,unique
8072,n350 grc/pvc strap conc.,Feeder,GRC/PVC,GRC/PVC Strap Concrete,unique
8078,n400 grc/pvc strap conc.,Feeder,GRC/PVC,GRC/PVC Strap Concrete,unique
8084,n500 grc/pvc strap conc.,Feeder,GRC/PVC,GRC/PVC Strap Concrete,unique
8090,n600 grc/pvc strap conc.,Feeder,GRC/PVC,GRC/PVC Strap Concrete,unique
8096,n750 grc/pvc strap conc.,Feeder,GRC/PVC,GRC/PVC Strap Concrete,unique
8103,n14 grc/pvc rack,Branch,GRC/PVC,GRC/PVC Rack,unique
8112,n12 grc/pvc rack,Branch,GRC/PVC,GRC/PVC Rack,unique
8121,n10 grc/pvc rack,Branch,GRC/PVC,GRC/PVC Rack,unique
8130,n8 grc/pvc rack,Branch,GRC/PVC,GRC/PVC Rack,unique
8137,n6 grc/pvc rack,Branch,GRC/PVC,GRC/PVC Rack,unique
8143,n4 grc/pvc rack,Branch,GRC/PVC,GRC/PVC Rack,unique
8148,n14 3/4 grc/pvc rack,Branch,GRC/PVC,GRC/PVC Rack,loose
8157,n12 3/4 grc/pvc rack,Branch,GRC/PVC,GRC/PVC Rack,loose
8168,n3 grc/pvc rack,Feeder,GRC/PVC,GRC/PVC Rack,unique
8174,n2 grc/pvc rack,Feeder,GRC/PVC,GRC/PVC Rack,unique
8180,n1 grc/pvc rack,Feeder,GRC/PVC,GRC/PVC Rack,unique
8186,n1/0 grc/pvc rack,Feeder,GRC/PVC,GRC/PVC Rack,unique
8192,n2/0 grc/pvc rack,Feeder,GRC/PVC,GRC/PVC Rack,unique
8198,n3/0 grc/pvc rack,Feeder,GRC/PVC,GRC/PVC Rack,unique
8204,n4/0 grc/pvc rack,Feeder,GRC/PVC,GRC/PVC Rack,unique
8210,n250 grc/pvc rack,Feeder,GRC/PVC,GRC/PVC Rack,unique
8216,n300 grc/pvc rack,Feeder,GRC/PVC,GRC/PVC Rack,unique
8222,n350 grc/pvc rack,Feeder,GRC/PVC,GRC/PVC Rack,unique
8228,n400 grc/pvc rack,Feeder,GRC/PVC,GRC/PVC Rack,unique
8234,n500 grc/pvc rack,Feeder,GRC/PVC,GRC/PVC Rack,unique
8240,n600 grc/pvc rack,Feeder,GRC/PVC,GRC/PVC Rack,unique
8246,n750 grc/pvc rack,Feeder,GRC/PVC,GRC/PVC Rack,unique
8254,n3 grc/pvc underground,Feeder,GRC/PVC,GRC/PVC Underground,unique
8260,n2 grc/pvc underground,Feeder,GRC/PVC,GRC/PVC Underground,unique
8266,n1 grc/pvc underground,Feeder,GRC/PVC,GRC/PVC Underground,unique
8272,n1/0 grc/pvc underground,Feeder,GRC/PVC,GRC/PVC Underground,unique
8278,n2/0 grc/pvc underground,Feeder,GRC/PVC,GRC/PVC Underground,unique
8284,n3/0 grc/pvc underground,Feeder,GRC/PVC,GRC/PVC Underground,unique
8290,n4/0 grc/pvc underground,Feeder,GRC/PVC,GRC/PVC Underground,unique
8296,n250 grc/pvc underground,Feeder,GRC/PVC,GRC/PVC Underground,unique
8302,n300 grc/pvc underground,Feeder,GRC/PVC,GRC/PVC Underground,unique
8308,n350 grc/pvc underground,Feeder,GRC/PVC,GRC/PVC Underground,unique
8314,n400 grc/pvc underground,Feeder,GRC/PVC,GRC/PVC Underground,unique
8320,n500 grc/pvc underground,Feeder,GRC/PVC,GRC/PVC Underground,unique
8326,n600 grc/pvc underground,Feeder,GRC/PVC,GRC/PVC Underground,unique
8332,n750 grc/pvc underground,Feeder,GRC/PVC,GRC/PVC Underground,unique
8340,n14 grc/pvc 90 deg beam cla,Branch,GRC/PVC,GRC/PVC 90d BC,distance
8349,n12 grc/pvc 90 deg beam cla,Branch,GRC/PVC,GRC/PVC 90d BC,distance
8358,n10 grc/pvc 90 deg beam cla,Branch,GRC/PVC,GRC/PVC 90d BC,distance
8367,n8 grc/pvc 90 deg beam clam,Branch,GRC/PVC,GRC/PVC 90d BC,distance
8374,n6 grc/pvc 90 deg beam clam,Branch,GRC/PVC,GRC/PVC 90d BC,distance
8380,n4 grc/pvc 90 deg beam clam,Branch,GRC/PVC,GRC/PVC 90d BC,distance
8385,n14 3/4 grc/pvc 90 deg bea,Branch,GRC/PVC,GRC/PVC 90d BC,loose
8394,n12 3/4 grc/pvc 90 deg bea,Branch,GRC/PVC,GRC/PVC 90d BC,loose
8405,n3 grc/pvc rack,Feeder,GRC/PVC,GRC/PVC Rack,unique
8411,n2 grc/pvc rack,Feeder,GRC/PVC,GRC/PVC Rack,unique
8417,n1 grc/pvc rack,Feeder,GRC/PVC,GRC/PVC Rack,unique
8423,n1/0 grc/pvc rack,Feeder,GRC/PVC,GRC/PVC Rack,unique
8429,n2/0 grc/pvc rack,Feeder,GRC/PVC,GRC/PVC Rack,unique
8435,n3/0 grc/pvc rack,Feeder,GRC/PVC,GRC/PVC Rack,unique
8441,n4/0 grc/pvc rack,Feeder,GRC/PVC,GRC/PVC Rack,unique
8447,n250 grc/pvc rack,Feeder,GRC/PVC,GRC/PVC Rack,unique
8453,n300 grc/pvc rack,Feeder,GRC/PVC,GRC/PVC Rack,unique
8459,n350 grc/pvc rack,Feeder,GRC/PVC,GRC/PVC Rack,unique
8465,n400 grc/pvc rack,Feeder,GRC/PVC,GRC/PVC Rack,unique
8471,n500 grc/pvc rack,Feeder,GRC/PVC,GRC/PVC Rack,unique
8477,n600 grc/pvc rack,Feeder,GRC/PVC,GRC/PVC Rack,unique
8483,n750 grc/pvc rack,Feeder,GRC/PVC,GRC/PVC Rack,unique
8491,branch 1/2 pvc 40,Branch,PVC 40,PVC 40 & Parts,distance
8503,branch 3/4 pvc 40,Branch,PVC 40,PVC 40 & Parts,distance
8515,branch 1 pvc 40,Branch,PVC 40,PVC 40 & Parts,distance
8528,feeder 1 1/4 pvc 40,Feeder,PVC 40,PVC 40 & Parts,distance
8549,feeder 1 1/2 pvc 40,Feeder,PVC 40,PVC 40 & Parts,distance
8570,feeder 2 pvc 40,Feeder,PVC 40,PVC 40 & Parts,distance
8591,feeder 2 1/2 pvc 40,Feeder,PVC 40,PVC 40 & Parts,distance
8612,feeder 3 pvc 40,Feeder,PVC 40,PVC 40 & Parts,distance
8633,feeder 3 1/2 pvc 40,Feeder,PVC 40,PVC 40 & Parts,distance
8654,feeder 4 pvc 40,Feeder,PVC 40,PVC 40 & Parts,distance
8675,feeder 5 pvc 40,Feeder,PVC 40,PVC 40 & Parts,distance
8695,feeder 6 pvc 40,Feeder,PVC 40,PVC 40 & Parts,distance
8715,n14 pvc-40 no strap,Branch,PVC 40,PVC 40 No Strap,unique
8724,n12 pvc-40 no strap,Branch,PVC 40,PVC 40 No Strap,unique
8733,n10 pvc-40 no strap,Branch,PVC 40,PVC 40 No Strap,unique
8742,n8 pvc-40 no strap,Branch,PVC 40,PVC 40 No Strap,unique
8749,n6 pvc-40 no strap,Branch,PVC 40,PVC 40 No Strap,unique
8755,n4 pvc-40 no strap,Branch,PVC 40,PVC 40 No Strap,distance
8760,n14 pvc-40 strap,Branch,PVC 40,PVC 40 Strap,unique
8769,n12 pvc-40 strap,Branch,PVC 40,PVC 40 Strap,unique
8778,n10 pvc-40 strap,Branch,PVC 40,PVC 40 Strap,unique
8787,n8 pvc-40 strap,Branch,PVC 40,PVC 40 Strap,unique
8794,n6 pvc-40 strap,Branch,PVC 40,PVC 40 Strap,unique
8800,n4 pvc-40 strap,Branch,PVC 40,PVC 40 Strap,unique
8805,n14 pvc- 40 3/4 strap,Branch,PVC 40,PVC 40 Strap,loose
8814,n12 pvc- 40 3/4 strap,Branch,PVC 40,PVC 40 Strap,loose
8825,n3 pvc strap,Feeder,PVC 40,PVC 40 Strap,unique
8831,n2 pvc strap,Feeder,PVC 40,PVC 40 Strap,unique
8837,n1 pvc strap,Feeder,PVC 40,PVC 40 Strap,unique
8843,n1/0 pvc strap,Feeder,PVC 40,PVC 40 Strap,unique
8849,n2/0 pvc strap,Feeder,PVC 40,PVC 40 Strap,unique
8855,n3/0 pvc strap,Feeder,PVC 40,PVC 40 Strap,unique
8861,n4/0 pvc strap,Feeder,PVC 40,PVC 40 Strap,unique
8867,n250 pvc strap,Feeder,PVC 40,PVC 40 Strap,unique
8873,n300 pvc strap,Feeder,PVC 40,PVC 40 Strap,unique
8879,n350 pvc strap,Feeder,PVC 40,PVC 40 Strap,unique
8885,n400 pvc strap,Feeder,PVC 40,PVC 40 Strap,unique
8891,n500 pvc strap,Feeder,PVC 40,PVC 40 Strap,unique
8897,n600 pvc strap,Feeder,PVC 40,PVC 40 Strap,unique
8903,n750 pvc strap,Feeder,PVC 40,PVC 40 Strap,unique
8911,n14 pvc-40 strap concrete,Branch,PVC 40,PVC 40 Strap Conc.,unique
8920,n12 pvc-40 strap concrete,Branch,PVC 40,PVC 40 Strap Conc.,unique
8929,n10 pvc-40 strap  concrete,Branch,PVC 40,PVC 40 Strap Conc.,unique
8938,n8 pvc-40 strap concrete,Branch,PVC 40,PVC 40 Strap Conc.,unique
8945,n6 pvc-40 strap concrete,Branch,PVC 40,PVC 40 Strap Conc.,unique
8951,n4 pvc-40 strap concrete,Branch,PVC 40,PVC 40 Strap Conc.,unique
8956,n14 pvc-40 3/4 strap concr,Branch,PVC 40,PVC 40 Strap Conc.,loose
8965,n12 pvc-40 3/4 strap concr,Branch,PVC 40,PVC 40 Strap Conc.,loose
8976,n3 pvc strap conc.,Feeder,PVC 40,PVC 40 Strap Conc,unique
8982,n2 pvc strap conc.,Feeder,PVC 40,PVC 40 Strap Conc,unique
8988,n1 pvc strap conc.,Feeder,PVC 40,PVC 40 Strap Conc,unique
8994,n1/0 pvc strap conc.,Feeder,PVC 40,PVC 40 Strap Conc,unique
9000,n2/0 pvc strap conc.,Feeder,PVC 40,PVC 40 Strap Conc,unique
9006,n3/0 pvc strap conc.,Feeder,PVC 40,PVC 40 Strap Conc,unique
9012,n4/0 pvc strap conc.,Feeder,PVC 40,PVC 40 Strap Conc,unique
9018,n250 pvc strap conc.,Feeder,PVC 40,PVC 40 Strap Conc,unique
9024,n300 pvc strap conc.,Feeder,PVC 40,PVC 40 Strap Conc,unique
9030,n350 pvc strap conc.,Feeder,PVC 40,PVC 40 Strap Conc,unique
9036,n400 pvc strap conc.,Feeder,PVC 40,PVC 40 Strap Conc,unique
9042,n500 pvc  strap conc.,Feeder,PVC 40,PVC 40 Strap Conc,unique
9048,n600 pvc strap conc.,Feeder,PVC 40,PVC 40 Strap Conc,unique
9054,n750 pvc  strap conc.,Feeder,PVC 40,PVC 40 Strap Conc,unique
9063,n14 pvc-40 underground,Branch,PVC 40,PVC 40 Underground,unique
9072,n12 pvc-40 underground,Branch,PVC 40,PVC 40 Underground,unique
9081,n10 pvc-40 underground,Branch,PVC 40,PVC 40 Underground,unique
9090,n8 pvc-40 underground,Branch,PVC 40,PVC 40 Underground,unique
9097,n6 pvc-40 underground,Branch,PVC 40,PVC 40 Underground,unique
9103,n4 pvc-40 underground,Branch,PVC 40,PVC 40 Underground,unique
9108,n14 pvc-40 3/4 underground,Branch,PVC 40,PVC 40 Underground,loose
9117,n12 pvc-40 3/4 underground,Branch,PVC 40,PVC 40 Underground,loose
9128,n3 pvc underground,Feeder,PVC 40,PVC 40 Underground,unique
9134,n2 pvc underground,Feeder,PVC 40,PVC 40 Underground,unique
9146,n1/0 pvc underground,Feeder,PVC 40,PVC 40 Underground,unique
9152,n2/0 pvc underground,Feeder,PVC 40,PVC 40 Underground,unique
9158,n3/0 pvc underground,Feeder,PVC 40,PVC 40 Underground,unique
9164,n4/0 pvc underground,Feeder,PVC 40,PVC 40 Underground,unique
9170,n250 pvc underground,Feeder,PVC 40,PVC 40 Underground,unique
9176,n300 pvc underground,Feeder,PVC 40,PVC 40 Underground,unique
9182,n350 pvc underground,Feeder,PVC 40,PVC 40 Underground,unique
9188,n400 pvc underground,Feeder,PVC 40,PVC 40 Underground,unique
9194,n500 pvc underground,Feeder,PVC 40,PVC 40 Underground,unique
9200,n600 pvc  underground,Feeder,PVC 40,PVC 40 Underground,unique
9206,n750 pvc  underground,Feeder,PVC 40,PVC 40 Underground,unique
9214,n14 pvc-40 beam clamp,Branch,PVC 40,PVC 40 Beam Clamp,unique
9223,n12 pvc-40 beam clamp,Branch,PVC 40,PVC 40 Beam Clamp,unique
9232,n10 pvc-40 beam clamp,Branch,PVC 40,PVC 40 Beam Clamp,unique
9241,n8 pvc-40 beam clamp,Branch,PVC 40,PVC 40 Beam Clamp,unique
9248,n6 pvc-40 beam clamp,Branch,PVC 40,PVC 40 Beam Clamp,unique
9254,n4 pvc-40 beam clamp,Branch,PVC 40,PVC 40 Beam Clamp,unique
9259,n14 pvc-40 3/4 beam clamp,Branch,PVC 40,PVC 40 Beam Clamp,loose
9268,n12 pvc-40 3/4 beam clamp,Branch,PVC 40,PVC 40 Beam Clamp,loose
9279,n3 pvc beam clamp,Feeder,PVC 40,PVC 40 Beam Clamp,unique
9285,n2 pvc beam clamp,Feeder,PVC 40,PVC 40 Beam Clamp,unique
9291,n1 pvc beam clamp,Feeder,PVC 40,PVC 40 Beam Clamp,unique
9297,n1/0 pvc beam clamp,Feeder,PVC 40,PVC 40 Beam Clamp,unique
9303,n2/0 pvc beam clamp,Feeder,PVC 40,PVC 40 Beam Clamp,unique
9309,n3/0 pvc beam clamp,Feeder,PVC 40,PVC 40 Beam Clamp,unique
9315,n4/0 pvc beam clamp,Feeder,PVC 40,PVC 40 Beam Clamp,unique
9321,n250 pvc beam clamp,Feeder,PVC 40,PVC 40 Beam Clamp,unique
9327,n300 pvc beam clamp,Feeder,PVC 40,PVC 40 Beam Clamp,unique
9333,n350 pvc beam clamp,Feeder,PVC 40,PVC 40 Beam Clamp,unique
9339,n400 pvc beam clamp,Feeder,PVC 40,PVC 40 Beam Clamp,unique
9345,n500 pvc  beam clamp,Feeder,PVC 40,PVC 40 Beam Clamp,unique
9351,n600 pvc  beam clamp,Feeder,PVC 40,PVC 40 Beam Clamp,unique
9357,n750 pvc  beam clamp,Feeder,PVC 40,PVC 40 Beam Clamp,unique
9365,pvc sch.40 stub-ups pvc,Feeder,PVC 40,PVC 40 Stub-ups,distance
9379,pvc-grc el stub-ups,Feeder,PVC 40,PVC 40 Stub-ups,distance
9394,branch 1/2 pvc 80,Branch,PVC 80,PVC 80 & Parts,distance
9398,branch 3/4 pvc 80,Branch,PVC 80,PVC 80 & Parts,distance
9402,branch 1 pvc 80,Branch,PVC 80,PVC 80 & Parts,distance
9407,feeder 1 1/4 pvc 80,Feeder,PVC 80,PVC 80 & Parts,distance
9412,feeder 1 1/2 pvc 80,Feeder,PVC 80,PVC 80 & Parts,distance
9418,feeder 2 pvc 80,Feeder,PVC 80,PVC 80 & Parts,distance
9424,feeder 2 1/2 pvc 80,Feeder,PVC 80,PVC 80 & Parts,distance
9430,feeder 3 pvc 80,Feeder,PVC 80,PVC 80 & Parts,distance
9441,feeder 4 pvc 80,Feeder,PVC 80,PVC 80 & Parts,distance
9447,feeder 5 pvc 80,Feeder,PVC 80,PVC 80 & Parts,distance
9454,pvc sch.80 stub-ups pvc,Feeder,PVC 80,PVC 80 Stub-ups,unique
9465,duct chair,Feeder,Ductbank,,unique
9471,duct bank with concrete $12,Feeder,Ductbank,,distance
9507,duct bank w/reinf concrete,Feeder,Ductbank,,distance
9543,duct bank with 2 sand cove,Feeder,Ductbank,,distance
9579,duct bank with re-use backf,Feeder,Ductbank,,distance
9617,window rack kindorf,Heavy Industrial,Hangers/Racks,Kindorf Racks,distance
9627,wood rack kindorf,Heavy Industrial,Hangers/Racks,Kindorf Racks,unique
9634,conc strut rack kindorf,Heavy Industrial,Hangers/Racks,Kindorf Racks,unique
9641,toggle bolt rack kindorf,Heavy Industrial,Hangers/Racks,Kindorf Racks,unique
9648,wood drop trapeze kindorf,Heavy Industrial,Hangers/Racks,Kindorf Racks,unique
9653,conc drop trapeze kindorf,Heavy Industrial,Hangers/Racks,Kindorf Racks,unique
9660,window rack ss,Heavy Industrial,Hangers/Racks,SS Racks,distance
9670,wood ss strut rack,Heavy Industrial,Hangers/Racks,SS Racks,distance
9677,conc ss strut rack,Heavy Industrial,Hangers/Racks,SS Racks,distance
9684,toggle anchor ss strut rack,Heavy Industrial,Hangers/Racks,SS Racks,distance
9691,wood drop trapeze ss rack,Heavy Industrial,Hangers/Racks,SS Racks,distance
9696,conc drop trapeze ss rack,Heavy Industrial,Hangers/Racks,SS Racks,distance
9702,rack pvc coated,Heavy Industrial,Hangers/Racks,PVC Coated Racks,distance
9716,racks kindorf 3/8 rod,Heavy Industrial,Hangers/Racks,Kindorf Racks,loose
9753,racks kindorf 1/2 rod,Heavy Industrial,Hangers/Racks,Kindorf Racks,loose
9790,racks kindorf 5/8 rod,Heavy Industrial,Hangers/Racks,Kindorf Racks,loose
9936,racks unistrut 3/8 rod,Heavy Industrial,Hangers/Racks,Unistrut Racks,loose
9973,racks unistrut 1/2 rod,Heavy Industrial,Hangers/Racks,Unistrut Racks,loose
10010,racks unistrut 5/8 rod,Heavy Industrial,Hangers/Racks,Unistrut Racks,loose
10155,ss racks 3/8 rod drop in a,Heavy Industrial,Hangers/Racks,SS Racks,loose
10192,ss racks 1/2 rod drop in a,Heavy Industrial,Hangers/Racks,SS Racks,loose
10229,ss racks 5/8 rod drop in a,Heavy Industrial,Hangers/Racks,SS Racks,loose
10265,ss racks 3/8 rod beam clam,Heavy Industrial,Hangers/Racks,SS Racks,loose
10302,ss racks 1/2 rod beam clam,Heavy Industrial,Hangers/Racks,SS Racks,loose
10338,emt strap hanger,Hangers/Racks,Strap,,unique
10350,emt concrete strap hanger,Hangers/Racks,Concrete,,unique
10363,beam clamp hanger,Hangers/Racks,Beam Clamp,,unique
10378,emt (rack) chnl strap,Hangers/Racks,EMT (rack) channel strap,,unique
10430,nmc cable with term,Residential,NM Cable,,unique
10491,bx cable with Term,Branch,Cable,,unique
10563,mc cable home run w/term co,Branch with Constants,Cable,,unique
10591,termination,Equipment,Conn/Term,Terminate,unique
10593,motor termination,Industrial,Connections/Termination,Termination,distance
10606,control termination,Industrial,Connections/Termination,Termination,distance
10616,wire termination,Industrial,Connections/Termination,Termination,distance
10643,1 wire termination,Industrial,Connections/Termination,1 Wire Termination,distance
10654,1 wire circuit termination,Industrial,Connections/Termination,1 Wire Termination,distance
10668,2 wire termination,Industrial,Connections/Termination,2 Wire Termination,distance
10679,2 wire circuit termination,Industrial,Connections/Termination,2 Wire Termination,distance
10693,3 wire termination,Industrial,Connections/Termination,3 Wire Termination,distance
10704,3 wire circuit termination,Industrial,Connections/Termination,3 Wire Termination,distance
10718,4 wire termination,Industrial,Connections/Termination,4 Wire Termination,distance
10729,4 wire circuit termination,Industrial,Connections/Termination,4 Wire Termination,distance
10743,5 wire termination,Industrial,Connections/Termination,5 Wire Termination,distance
10754,5 wire circuit termination,Industrial,Connections/Termination,5 Wire Termination,distance
10768,6 wire termination,Industrial,Connections/Termination,6 Wire Termination,distance
10779,6 wire circuit termination,Industrial,Connections/Termination,6 Wire Termination,distance
10793,7 wire termination,Industrial,Connections/Termination,7 Wire Termination,distance
10804,7 wire circuit termination,Industrial,Connections/Termination,7 Wire Termination,distance
10818,8 wire termination,Industrial,Connections/Termination,8 Wire Termination,distance
10829,8 wire circuit termination,Equipment,Conn/Term,8 Wire Term,distance
10843,box wire termination,Equipment,Conn/Term,Box Wire Term,unique
10847,lugs,Equipment,Conn/Term,Terminate,distance
10848,lug 1 hole lugs,Industrial,Connections/Termination,Termination,unique
10867,split bolt splice,Industrial,Connections/Termination,Termination,distance
10881,splice kit,Industrial,Connections/Termination,Termination,distance
10896,gutter 3r,Industrial,Wireway/Gutter,Gutter,distance
10923,wireway,Industrial,Wireway/Gutter,Wireway,unique
10960,9 rung spacing 20' str al,Industrial,Aluminum Cable Tray,Aluminum Cable Tray,distance
10970,tray horz bend 90 12r al,Industrial,Aluminum Cable Tray,"Al Tray Horizonal 12"" Radius Bend",distance
10980,tray horz bend 60 12r al,Industrial,Aluminum Cable Tray,"Al Tray Horizonal 12"" Radius Bend",distance
10990,tray horz bend 45 12r al,Industrial,Aluminum Cable Tray,"Al Tray Horizonal 12"" Radius Bend",distance
11000,tray horz bend 30 12r al,Industrial,Aluminum Cable Tray,"Al Tray Horizonal 12"" Radius Bend",distance
11010,tray horz bend 90 24r al,Industrial,Aluminum Cable Tray,"Al Tray Horizonal 24"" Radius Bend",distance
11020,tray horz bend 60 24r al,Industrial,Aluminum Cable Tray,"Al Tray Horizonal 24"" Radius Bend",distance
11030,tray horz bend 45 24r al,Industrial,Aluminum Cable Tray,"Al Tray Horizonal 24"" Radius Bend",distance
11040,tray horz bend 30 24r al,Industrial,Aluminum Cable Tray,"Al Tray Horizonal 24"" Radius Bend",distance
11050,tray horz bend 90 36r al,Industrial,Aluminum Cable Tray,"Al Tray Horizonal 36"" Radius Bend",distance
11060,tray horz bend 60 36r al,Industrial,Aluminum Cable Tray,"Al Tray Horizonal 36"" Radius Bend",distance
11070,tray horz bend 45 36r al,Industrial,Aluminum Cable Tray,"Al Tray Horizonal 36"" Radius Bend",distance
11080,tray horz bend 30 36r al,Industrial,Aluminum Cable Tray,"Al Tray Horizonal 36"" Radius Bend",distance
11090,tray horz bend 90 48r al,Industrial,Aluminum Cable Tray,"Al Tray Horizonal 48"" Radius Bend",distance
11100,tray horz bend 60 48r al,Industrial,Aluminum Cable Tray,"Al Tray Horizonal 48"" Radius Bend",distance
11110,tray horz bend 45 48r al,Industrial,Aluminum Cable Tray,"Al Tray Horizonal 48"" Radius Bend",distance
11120,tray horz bend 30 48r al,Industrial,Aluminum Cable Tray,"Al Tray Horizonal 48"" Radius Bend",distance
11130,tray horz tee 12r al,Industrial,Aluminum Cable Tray,Al Tray Horizonal Tee,distance
11140,tray horz tee 24r al,Industrial,Aluminum Cable Tray,Al Tray Horizonal Tee,distance
11150,tray horz tee 36r al,Industrial,Aluminum Cable Tray,Al Tray Horizonal Tee,distance
11160,tray horz tee 48r al,Industrial,Aluminum Cable Tray,Al Tray Horizonal Tee,distance
11170,tray horz cross 12r al,Industrial,Aluminum Cable Tray,Al Tray Horizonal Cross,distance
11180,tray horz cross 24r al,Industrial,Aluminum Cable Tray,Al Tray Horizonal Cross,distance
11190,tray horz cross 36r al,Industrial,Aluminum Cable Tray,Al Tray Horizonal Cross,distance
11200,tray horz cross 48r al,Industrial,Aluminum Cable Tray,Al Tray Horizonal Cross,distance
11210,tray horz right wye 45 12r,Industrial,Aluminum Cable Tray,Al Tray Right Wye,distance
11220,tray horz right wye 45 24r,Industrial,Aluminum Cable Tray,Al Tray Right Wye,distance
11230,tray horz right wye 45 36r,Industrial,Aluminum Cable Tray,Al Tray Right Wye,distance
11240,tray horz right wye 45 48r,Industrial,Aluminum Cable Tray,Al Tray Right Wye,distance
11250,tray horz left wye 45 12r,Industrial,Aluminum Cable Tray,Al Tray Left Wye,distance
11260,tray horz left wye 45 24r,Industrial,Aluminum Cable Tray,Al Tray Left Wye,distance
11270,tray horz left wye 45 36r,Industrial,Aluminum Cable Tray,Al Tray Left Wye,distance
11280,tray horz left wye 45 48r,Industrial,Aluminum Cable Tray,Al Tray Left Wye,distance
11290,tray vert outside 90 12r a,Industrial,Aluminum Cable Tray,Al Tray Vert Outside 90 bend,distance
11300,tray vert outside 90 24r a,Industrial,Aluminum Cable Tray,Al Tray Vert Outside 90 bend,distance
11310,tray vert outside 90 36r a,Industrial,Aluminum Cable Tray,Al Tray Vert Outside 90 bend,distance
11320,tray vert outside 90 48r a,Industrial,Aluminum Cable Tray,Al Tray Vert Outside 90 bend,distance
11330,tray vert inside 90 12r al,Industrial,Aluminum Cable Tray,Al Tray Vert Inside 90 bend,distance
11340,tray vert inside 90 24r al,Industrial,Aluminum Cable Tray,Al Tray Vert Inside 90 bend,distance
11350,tray vert inside 90 36r al,Industrial,Aluminum Cable Tray,Al Tray Vert Inside 90 bend,distance
11360,tray vert inside 90 48r al,Industrial,Aluminum Cable Tray,Al Tray Vert Inside 90 bend,distance
11370,tray straight reducer 42w,Industrial,Aluminum Cable Tray,Al Tray Straight Reducer,distance
11379,tray straight reducer 36w,Industrial,Aluminum Cable Tray,Al Tray Straight Reducer,distance
11387,tray straight reducer 30w,Industrial,Aluminum Cable Tray,Al Tray Straight Reducer,distance
11394,tray straight reducer 24w,Industrial,Aluminum Cable Tray,Al Tray Straight Reducer,distance
11400,tray straight reducer 18w,Industrial,Aluminum Cable Tray,Al Tray Straight Reducer,distance
11405,tray straight reducer 12w,Industrial,Aluminum Cable Tray,Al Tray Straight Reducer,distance
11409,tray straight reducer 9w a,Industrial,Aluminum Cable Tray,Al Tray Straight Reducer,distance
11412,tray right reducer 42w al,Industrial,Aluminum Cable Tray,Al Tray Right Reducer,distance
11421,tray right reducer 36w al,Industrial,Aluminum Cable Tray,Al Tray Right Reducer,distance
11429,tray right reducer 30w al,Industrial,Aluminum Cable Tray,Al Tray Right Reducer,distance
11436,tray right reducer 24w al,Industrial,Aluminum Cable Tray,Al Tray Right Reducer,distance
11442,tray right reducer 18w al,Industrial,Aluminum Cable Tray,Al Tray Right Reducer,distance
11447,tray right reducer 12w al,Industrial,Aluminum Cable Tray,Al Tray Right Reducer,distance
11451,tray right reducer 9w al,Industrial,Aluminum Cable Tray,Al Tray Right Reducer,distance
11454,tray left reducer 42w al,Industrial,Aluminum Cable Tray,Al Tray Left Reducer,distance
11463,tray left reducer 36w al,Industrial,Aluminum Cable Tray,Al Tray Left Reducer,distance
11471,tray left reducer 30w al,Industrial,Aluminum Cable Tray,Al Tray Left Reducer,distance
11478,tray left reducer 24w al,Industrial,Aluminum Cable Tray,Al Tray Left Reducer,distance
11484,tray left reducer 18w al,Industrial,Aluminum Cable Tray,Al Tray Left Reducer,distance
11489,tray left reducer 12w al,Industrial,Aluminum Cable Tray,Al Tray Left Reducer,distance
11493,tray left reducer 9w al,Industrial,Aluminum Cable Tray,Al Tray Left Reducer,distance
11497,enduro 3 high cable tray,Industrial,Composite Cable Tray Enduro FRP,Enduro Cable Tray,distance
11506,enduro 4 high cable tray,Industrial,Composite Cable Tray Enduro FRP,Enduro Cable Tray,distance
11515,enduro 6 high cable tray,Industrial,Composite Cable Tray Enduro FRP,Enduro Cable Tray,distance
11524,enduro 8 high cable tray,Industrial,Composite Cable Tray Enduro FRP,Enduro Cable Tray,distance
11533,enduro 10 high cable tray,Industrial,Composite Cable Tray Enduro FRP,Enduro Cable Tray,distance
11542,enduro 4h horz 90 12r frp,Industrial,Composite Cable Tray Enduro FRP,"Enduro Horz 90 12""R Tray Bend",distance
11551,enduro 6h horz 90 12r frp,Industrial,Composite Cable Tray Enduro FRP,"Enduro Horz 90 12""R Tray Bend",distance
11560,enduro 8h horz 90 12r frp,Industrial,Composite Cable Tray Enduro FRP,"Enduro Horz 90 12""R Tray Bend",distance
11569,enduro 4h horz 90 24r frp,Industrial,Composite Cable Tray Enduro FRP,"Enduro Horz 90 24""R Tray Bend",distance
11578,enduro 6h horz 90 24r frp,Industrial,Composite Cable Tray Enduro FRP,"Enduro Horz 90 24""R Tray Bend",distance
11587,enduro 8h horz 90 24r frp,Industrial,Composite Cable Tray Enduro FRP,"Enduro Horz 90 24""R Tray Bend",distance
11596,enduro 4h horz 90 36r frp,Equipment,Composite Cable Tray Enduro FRP,"Enduro Horz 90 36""R Tray Bend",distance
11605,enduro 6h horz 90 36r frp,Equipment,Composite Cable Tray Enduro FRP,"Enduro Horz 90 36""R Tray Bend",distance
11614,enduro 8h horz 90 36r frp,Equipment,Composite Cable Tray Enduro FRP,"Enduro Horz 90 36""R Tray Bend",distance
11623,enduro 4h horz 45 12r frp,Equipment,Composite Cable Tray Enduro FRP,"Enduro Horz 45 12""R Tray Bend",distance
11632,enduro 6h horz 45 12r frp,Equipment,Composite Cable Tray Enduro FRP,"Enduro Horz 45 12""R Tray Bend",distance
11641,enduro 8h horz 45 12r frp,Equipment,Composite Cable Tray Enduro FRP,"Enduro Horz 45 12""R Tray Bend",distance
11650,enduro 4h horz 45 24r frp,Equipment,Composite Cable Tray Enduro FRP,"Enduro Horz 45 24""R Tray Bend",distance
11659,enduro 6h horz 45 24r frp,Equipment,Composite Cable Tray Enduro FRP,"Enduro Horz 45 24""R Tray Bend",distance
11668,enduro 8h horz 45 24r frp,Equipment,Composite Cable Tray Enduro FRP,"Enduro Horz 45 24""R Tray Bend",distance
11677,enduro 4h horz 45 36r frp,Equipment,Composite Cable Tray Enduro FRP,"Enduro Horz 45 36""R Tray Bend",distance
11686,enduro 6h horz 45 36r frp,Equipment,Composite Cable Tray Enduro FRP,"Enduro Horz 45 36""R Tray Bend",distance
11695,enduro 8h horz 45 36r frp,Equipment,Composite Cable Tray Enduro FRP,"Enduro Horz 45 36""R Tray Bend",distance
11704,enduro 4h horz tee 12r fr,Equipment,Composite Cable Tray Enduro FRP,"Enduro Horz 12""R Tray Tee",distance
11713,enduro 6h horz tee 12r fr,Equipment,Composite Cable Tray Enduro FRP,"Enduro Horz 12""R Tray Tee",distance
11722,enduro 8h horz tee 12r fr,Equipment,Composite Cable Tray Enduro FRP,"Enduro Horz 12""R Tray Tee",distance
11731,enduro 4h horz tee 24r fr,Equipment,Composite Cable Tray Enduro FRP,"Enduro Horz 24""R Tray Tee",distance
11740,enduro 6h horz tee 24r fr,Equipment,Composite Cable Tray Enduro FRP,"Enduro Horz 24""R Tray Tee",distance
11749,enduro 8h horz tee 24r fr,Equipment,Composite Cable Tray Enduro FRP,"Enduro Horz 24""R Tray Tee",distance
11758,enduro 4h horz tee 36r fr,Equipment,Composite Cable Tray Enduro FRP,"Enduro Horz 36""R Tray Tee",distance
11767,enduro 6h horz tee 36r fr,Equipment,Composite Cable Tray Enduro FRP,"Enduro Horz 36""R Tray Tee",distance
11776,enduro 8h horz tee 36r fr,Equipment,Composite Cable Tray Enduro FRP,"Enduro Horz 36""R Tray Tee",distance
11785,enduro 4h horz cross 12r,Equipment,Composite Cable Tray Enduro FRP,"Enduro Horz 12""R Tray Cross",distance
11794,enduro 6h horz cross 12r,Equipment,Composite Cable Tray Enduro FRP,"Enduro Horz 12""R Tray Cross",distance
11803,enduro 8h horz cross 12r,Equipment,Composite Cable Tray Enduro FRP,"Enduro Horz 12""R Tray Cross",distance
11812,enduro 4h horz cross 24r,Equipment,Composite Cable Tray Enduro FRP,"Enduro Horz 24""R Tray Cross",distance
11821,enduro 6h horz cross 24r,Equipment,Composite Cable Tray Enduro FRP,"Enduro Horz 24""R Tray Cross",distance
11830,enduro 8h horz cross 24r,Equipment,Composite Cable Tray Enduro FRP,"Enduro Horz 24""R Tray Cross",distance
11839,enduro 4h horz cross 36r,Equipment,Composite Cable Tray Enduro FRP,"Enduro Horz 36""R Tray Cross",distance
11848,enduro 6h horz cross 36r,Equipment,Composite Cable Tray Enduro FRP,"Enduro Horz 36""R Tray Cross",distance
11857,enduro 8h horz cross 36r,Equipment,Composite Cable Tray Enduro FRP,"Enduro Horz 36""R Tray Cross",distance
11866,enduro 4h vert inside 90 1,Equipment,Composite Cable Tray Enduro FRP,"Enduro Horz 12""R Tray Vert Inside 90",distance
11875,enduro 6h vert inside 90 1,Equipment,Composite Cable Tray Enduro FRP,"Enduro Horz 12""R Tray Vert Inside 90",distance
11884,enduro 8h vert inside 90 1,Equipment,Composite Cable Tray Enduro FRP,"Enduro Horz 12""R Tray Vert Inside 90",distance
11893,enduro 4h vert inside 90 2,Equipment,Composite Cable Tray Enduro FRP,"Enduro Horz 24""R Tray Vert Inside 90",distance
11902,enduro 6h vert inside 90 2,Equipment,Composite Cable Tray Enduro FRP,"Enduro Horz 24""R Tray Vert Inside 90",distance
11911,enduro 8h vert inside 90 2,Equipment,Composite Cable Tray Enduro FRP,"Enduro Horz 24""R Tray Vert Inside 90",distance
11920,enduro 4h vert inside 90 3,Equipment,Composite Cable Tray Enduro FRP,"Enduro Horz 36""R Tray Vert Inside 90",distance
11929,enduro 6h vert inside 90 3,Equipment,Composite Cable Tray Enduro FRP,"Enduro Horz 36""R Tray Vert Inside 90",distance
11938,enduro 8h vert inside 90 3,Equipment,Composite Cable Tray Enduro FRP,"Enduro Horz 36""R Tray Vert Inside 90",distance
11947,enduro 4h vert outside 90,Equipment,Composite Cable Tray Enduro FRP,"Enduro Horz 12""R Tray Vert Outside 9",distance
11956,enduro 6h vert outside 90,Equipment,Composite Cable Tray Enduro FRP,"Enduro Horz 12""R Tray Vert Outside 9",distance
11965,enduro 8h vert outside 90,Equipment,Composite Cable Tray Enduro FRP,"Enduro Horz 12""R Tray Vert Outside 9",distance
11974,enduro 4h vert outside 90,Equipment,Composite Cable Tray Enduro FRP,"Enduro Horz 12""R Tray Vert Outside 9",distance
11983,enduro 6h vert outside 90,Equipment,Composite Cable Tray Enduro FRP,"Enduro Horz 12""R Tray Vert Outside 9",distance
11992,enduro 8h vert outside 90,Equipment,Composite Cable Tray Enduro FRP,"Enduro Horz 12""R Tray Vert Outside 9",distance
12001,enduro 4h vert outside 90,Equipment,Composite Cable Tray Enduro FRP,"Enduro Horz 12""R Tray Vert Outside 9",distance
12010,enduro 6h vert outside 90,Equipment,Composite Cable Tray Enduro FRP,"Enduro Horz 12""R Tray Vert Outside 9",distance
12019,enduro 8h vert outside 90,Equipment,Composite Cable Tray Enduro FRP,"Enduro Horz 12""R Tray Vert Outside 9",distance
12030,cablofil 1 deep wire tray,Equipment,Cablofil Cable Tray,,distance
12037,cablofil 2 deep wire tray,Equipment,Cablofil Cable Tray,,distance
12047,cablofil 4 deep wire tray,Equipment,Cablofil Cable Tray,,distance
12056,cablofil 6 deep wire tray,Equipment,Cablofil Cable Tray,,distance
12061,cablofil 1 deep wire tray,Equipment,Cablofil Cable Tray,,distance
12068,cablofil 2 deep wire tray,Equipment,Cablofil Cable Tray,,distance
12078,cablofil 4 deep wire tray,Equipment,Cablofil Cable Tray,,distance
12087,cablofil 6 deep wire tray,Equipment,Cablofil Cable Tray,,distance
12092,cablofil g wire tray bc,Equipment,Cablofil Cable Tray,,distance
12098,cablofil l wire tray,Equipment,Cablofil Cable Tray,,unique
12101,cablofil telex rail,Equipment,Cablofil Cable Tray,,distance
12104,cablofil l fasclic tray,Equipment,Cablofil Cable Tray,,unique
12108,cablofil tray cover 3.3' l,Equipment,Cablofil Cable Tray,,unique
12118,cablofil divider strips,Equipment,Cablofil Cable Tray,,distance
12124,cablofil ceiling mount hang,Equipment,Cablofil Cable Tray,,distance
12137,cablofil fas trapeze hanger,Equipment,Cablofil Cable Tray,,distance
12151,cablofil standard trapeze h,Equipment,Cablofil Cable Tray,,distance
12156,cablofil c brackets,Equipment,Cablofil Cable Tray,,distance
12167,cablofil standard l bracket,Equipment,Cablofil Cable Tray,,unique
12175,cablofil mounting rail & br,Equipment,Cablofil Cable Tray,,distance
12184,cablofil center hangers,Voice/Data,Pathways,Cablofil Cable Tray,unique
12195,cablofil connectors,Equipment,Cablofil Cable Tray,,distance
12202,cablofil hardware,Equipment,Cablofil Cable Tray,,unique
12215,101 series snake tray,Voice/Data,Pathways,Snake Tray Cable Tray,distance
12228,201 series snake tray,Voice/Data,Pathways,Snake Tray Cable Tray,unique
12234,501 series snake tray,Voice/Data,Pathways,Snake Tray Cable Tray,unique
12238,snake tray components,Voice/Data,Pathways,Snake Tray Cable Tray,unique
12253,snake tray hardware,Voice/Data,Pathways,Snake Tray Cable Tray,unique
12263,snake tray canyon,Voice/Data,Pathways,Snake Tray Cable Tray,unique
12284,snake tray stringers,Voice/Data,Pathways,Snake Tray Cable Tray,unique
12307,wiremold,Devices,Wiremold,,unique
12321,wm 700,Devices,Wiremold,,unique
12327,wm 2000,Devices,Wiremold,,unique
12335,wm 3000,Devices,Wiremold,,unique
12343,wm 4000,Devices,Wiremold,,unique
12361,transf 1ph 240v-120/240v dr,Equipment,Transformer,,distance
12367,transf 1ph 480v-120/240v dr,Equipment,Transformer,,distance
12375,transf 1ph 600v-120/240v dr,Equipment,Transformer,,distance
12384,transf 1ph 240v-120/240v dr,Equipment,Transformer,,distance
12390,transf 1ph 480v-120/240v dr,Equipment,Transformer,,distance
12398,transf 1ph 600v-120/240v dr,Equipment,Transformer,,distance
12409,transf 3ph 240v-120/208v dr,Equipment,Transformer,,distance
12416,transf 3ph 480v-120/208v dr,Equipment,Transformer,,distance
12423,transf 3ph 600v-120/208v dr,Equipment,Transformer,,distance
12430,transf 3ph 240v-120/208v dr,Equipment,Transformer,,distance
12437,transf 3ph 480v-120/208v dr,Equipment,Transformer,,distance
12444,transf 3ph 600v-120/208v dr,Equipment,Transformer,,distance
12451,"isolation transformer, 3ph",Equipment,Transformer,,distance
12474,buck boost transformer,Equipment,Transformer,,distance
12484,ct can,Equipment,Meters,,unique
12499,service switch 600v,Equipment,Switchs/Breakers,Switch Service 600V,distance
12514,"service switch, 250v",Equipment,Switchs/Breakers,Switch Service 250V,distance
12579,mdp,Equipment,MDP Board,,distance
12722,mcc,Equipment,MCC Board,,distance
12741,load centers 1 phase mlo,Equipment,Load Center,,unique
12853,panels 240v,Equipment,Panel Board,,unique
12854,panel 120/240v 1ph mlo,Equipment,Panel Board,,unique
12866,panel 120/208v 3ph mlo,Equipment,Panel Board,,unique
12879,panel 120/240v 1ph mcb,Equipment,Panel Board,,unique
12891,panel 120/208v 3ph mcb,Equipment,Panel Board,,unique
12909,panels 480v,Equipment,Panel Board,,unique
12910,panel 480v 3ph mlo,Equipment,Panel Board,,unique
12921,panel 480v 3ph mcb,Equipment,Panel Board,,unique
12935,encl cb 1p 250v,Equipment,Switchs/Breakers,Breaker,distance
12950,encl cb 2p 250v,Equipment,Switchs/Breakers,Breaker,distance
12979,encl cb 3p 250v,Equipment,Switchs/Breakers,Breaker,distance
13013,encl cb 1p 600v,Equipment,Switchs/Breakers,Breaker,distance
13028,encl cb 2p 600v,Equipment,Switchs/Breakers,Breaker,distance
13056,encl cb 3p 600v,Equipment,Switchs/Breakers,Breaker,distance
13090,ups panel,Equipment,UPS/ISO Panels,,distance
13100,iso panel,Equipment,UPS/ISO Panels,,unique
13110,comp panel,Equipment,UPS/ISO Panels,,unique
13121,mtr h/u 250v,Equipment,Conn/Term,Motor Connections,distance
13137,mtr h/u nf 3 1 250v,Industrial,Motor,250V Motor Connections,distance
13154,mtr h/u 1 3 250v,Industrial,Motor,250V Motor Connections,distance
13170,mtr h/u nf 3 3 250v,Industrial,Motor,250V Motor Connections,distance
13188,mtr h/u f 1 1 250v,Industrial,Motor,250V Motor Connections,distance
13204,mtr h/u f 3 1 250v,Industrial,Motor,250V Motor Connections,distance
13221,mtr h/u f 1 3 250v,Industrial,Motor,250V Motor Connections,distance
13237,mtr h/u f 3 3 250v,Industrial,Motor,250V Motor Connections,distance
13255,mtr h/u 600v,Equipment,Conn/Term,Motor Connections,unique
13256,mtr h/u nf 1 1 600v,Industrial,Motor,600V Motor Connections,distance
13272,mtr h/u nf 3 1 480v,Industrial,Motor,480V Motor Connections,distance
13290,mtr h/u nf 1 3 600v,Industrial,Motor,600V Motor Connections,distance
13306,mtr h/u nf 3 3 480v,Industrial,Motor,480V Motor Connections,distance
13324,mtr h/u f 1 1 600v,Industrial,Motor,600V Motor Connections,distance
13340,mtr h/u f 3 1 480v,Industrial,Motor,480V Motor Connections,distance
13359,mtr h/u f 1 3 600v,Industrial,Motor,600V Motor Connections,distance
13375,mtr h/u f 3 3 480v,Industrial,Motor,480V Motor Connections,distance
13393,nema 4x motor h/u,Equipment,Conn/Term,Motor Connections,unique
13394,mtr h/u 1 n4x 250v,Industrial,Motor,250V NEMA 4X Motor Connections,distance
13410,mtr h/u nf 3 n4x 250v,Industrial,Motor,250V NEMA 4X Motor Connections,distance
13426,mtr h/u f 1 n4x 250v,Industrial,Motor,250V NEMA 4X Motor Connections,distance
13442,mtr h/u f 3 n4x 250v,Industrial,Motor,250V NEMA 4X Motor Connections,distance
13460,mtr h/u nf 1 n4x 600v,Industrial,Motor,600V NEMA 4X Motor Connections,distance
13476,mtr h/u nf 3 n4x 480v,Industrial,Motor,480V NEMA 4X Motor Connections,distance
13494,mtr h/u f 1 n4x 600v,Industrial,Motor,600V NEMA 4X Motor Connections,distance
13510,mtr h/u f 3 n4x 600v,Industrial,Motor,600V NEMA 4X Motor Connections,distance
13528,outdoor 3' 2 wire w/grd equ,Equipment,Conn/Term,Equipment Conn,distance
13531,outdoor 3' 3 wire w/grd equ,Equipment,Conn/Term,Equipment Conn,distance
13546,outdoor 6' 3 wire w/grd equ,Equipment,Conn/Term,Equipment Conn,distance
13561,outdoor 3' 4 wire w/grd equ,Equipment,Conn/Term,Equipment Conn,distance
13576,outdoor 6' 4 wire w/grd equ,Equipment,Conn/Term,Equipment Conn,distance
13591,3' outdoor empty equipment,Equipment,Conn/Term,Equipment Conn,distance
13602,6' outdoor empty equipment,Equipment,Conn/Term,Equipment Conn,distance
13613,indoor 3' 2 wire w/grd equi,Equipment,Conn/Term,Equipment Conn,unique
13616,indoor 3' 3 wire w/grd equi,Equipment,Conn/Term,Equipment Conn,distance
13637,indoor 6' 2 wire w/grd equi,Equipment,Conn/Term,Equipment Conn,unique
13640,indoor 6' 3 wire w/grd equi,Equipment,Conn/Term,Equipment Conn,distance
13661,indoor 3' 4 wire w/grd equi,Equipment,Conn/Term,Equipment Conn,distance
13682,indoor 6' 4 wire w/grd equi,Equipment,Conn/Term,Equipment Conn,distance
13703,3' indoor empty equipment c,Equipment,Conn/Term,Equipment Conn,distance
13715,6' indoor empty equipment c,Equipment,Conn/Term,Equipment Conn,distance
13727,stl flex fixture whip,Fixtures,Fixture Parts,,unique
13733,whip mc,Fixtures,Fixture Parts,,unique
13770,branch flex stl conduit w/t,Branch,Flex,Liquidtight/Sealtite,distance
13776,feeder flex stl conduit w/t,Branch,Flex,Liquidtight/Sealtite,distance
13802,branch alum flex w/term con,Branch,Flex,Liquidtight/Sealtite,unique
13809,feeder alum flex w/term con,Branch,Flex,Liquidtight/Sealtite,unique
13822,switch gd 1ph n1 nf,Equipment,Switchs/Breakers,Switch 250V NEMA 1,distance
13826,switch gd 3ph n1 nf,Equipment,Switchs/Breakers,Switch 250V NEMA 1,distance
13834,switch gd 1ph n3r nf,Equipment,Switchs/Breakers,Switch 250V NEMA 3R,distance
13835,switch gd 3ph n3r nf,Equipment,Switchs/Breakers,Switch 250V NEMA 3R,distance
13841,switch gd 1ph n1 f,Equipment,Switchs/Breakers,Switch 250V NEMA 1,distance
13856,switch gd 3ph n1 f,Equipment,Switchs/Breakers,Switch 250V NEMA 1,distance
13871,switch gd 1ph n3r f,Equipment,Switchs/Breakers,Switch 250V NEMA 3R,distance
13886,switch gd 3ph n3r f,Equipment,Switchs/Breakers,Switch 250V NEMA 3R,distance
13901,switch 250v hd 1ph n1 f,Equipment,Switchs/Breakers,Switch 250V NEMA 1,distance
13919,switch 250v hd 1ph n3r f,Equipment,Switchs/Breakers,Switch 250V NEMA 3R,distance
13934,switch 250v hd 3ph n1 f,Equipment,Switchs/Breakers,Switch 250V NEMA 1,distance
13949,switch 250v hd 3ph n3r f,Equipment,Switchs/Breakers,Switch 250V NEMA 3R,distance
13965,switch 250v 1ph n4x nf,Equipment,Switchs/Breakers,Switch 250v NEMA 4X,distance
13973,switch 250v 3ph n4x nf,Equipment,Switchs/Breakers,Switch 250v NEMA 4X,distance
13981,switch 250v 1ph n4x f,Equipment,Switchs/Breakers,Switch 250v NEMA 4X,distance
13996,switch 250v 3ph n4x f,Equipment,Switchs/Breakers,Switch 250v NEMA 4X,distance
14012,switch 250v 1ph n12 nf,Equipment,Switchs/Breakers,Switch 250v NEMA 12,distance
14020,switch 250v 3ph n12 nf,Equipment,Switchs/Breakers,Switch 250v NEMA 12,distance
14028,switch 250v 1PH n12 f,Equipment,Switchs/Breakers,Switch 250v NEMA 12,distance
14043,switch 250v 3ph n12 f,Equipment,Switchs/Breakers,Switch 250v NEMA 12,distance
14060,switch 250v hd 1ph n1 nf,Equipment,Switchs/Breakers,Switch 250V NEMA 1,distance
14061,switch 600v 1ph n1 nf,Equipment,Switchs/Breakers,Switch 600V NEMA 1,distance
14067,switch 250v hd 3ph n1 nf,Equipment,Switchs/Breakers,Switch 250V NEMA 1,distance
14068,switch 600v 3ph n1 nf,Equipment,Switchs/Breakers,Switch 600V NEMA 1,distance
14078,switch 250v hd 1ph n3r nf,Equipment,Switchs/Breakers,Switch 250V NEMA 3R,distance
14079,switch 600v 1ph 3r nf,Equipment,Switchs/Breakers,Switch 600V NEMA 3R,distance
14085,switch 250v hd 3ph n3r nf,Equipment,Switchs/Breakers,Switch 250V NEMA 3R,distance
14086,switch 600v 3ph 3r nf,Equipment,Switchs/Breakers,Switch 600V NEMA 3R,distance
14096,switch 600v 1ph 1 f,Equipment,Switchs/Breakers,Switch 600V NEMA 1,distance
14100,switch 600v 3ph 1 f,Equipment,Switchs/Breakers,Switch 600V NEMA 1,distance
14118,switch 600v 1ph 3r f,Equipment,Switchs/Breakers,Switch 600V NEMA 3R,distance
14136,switch 600v 3ph 3r f,Equipment,Switchs/Breakers,Switch 600V NEMA 3R,distance
14154,switch 600v 1ph 4x nf,Equipment,Switchs/Breakers,Switch 600v NEMA 4X,distance
14164,switch 600v 3ph 4x nf,Equipment,Switchs/Breakers,Switch 600v NEMA 4X,distance
14174,switch 600v 1ph 4x f,Equipment,Switchs/Breakers,Switch 600v NEMA 4X,distance
14192,switch 600v 3ph 4x f,Equipment,Switchs/Breakers,Switch 600v NEMA 4X,distance
14210,switch 600v 1ph 12 nf,Equipment,Switchs/Breakers,Switch 600v NEMA 12,distance
14220,switch 600v 3ph 12 nf,Equipment,Switchs/Breakers,Switch 600v NEMA 12,distance
14230,switch 600v 1ph 12 f,Equipment,Switchs/Breakers,Switch 600v NEMA 12,distance
14248,switch 600v 3ph 12 f,Equipment,Switchs/Breakers,Switch 600v NEMA 12,distance
14267,non fuse air cond switch-mo,Equipment,Switchs/Breakers,Switch/Air Cond,unique
14272,fusable air cond switch-mol,Equipment,Switchs/Breakers,Switch/Air Cond,unique
14280,manual transfer switch,Heavy Industrial,Switchs/Breakers,Transfer Switch,distance
14281,manual transfer sw 600v 2p,Equipment,Switchs/Breakers,Transfer Switch,unique
14293,manual transfer sw 600v 3p,Equipment,Switchs/Breakers,Transfer Switch,unique
14307,auto-transfer sw 600v 2p dt,Equipment,Switchs/Breakers,Transfer Switch,distance
14319,auto-transfer sw 600v 3p dt,Equipment,Switchs/Breakers,Transfer Switch,unique
14333,starter manual,Equipment,Starters/Contactors,Manual Starters,unique
14335,"man starter 2p,n1",Heavy Industrial,Starters/Contactors,Manual Starters,distance
14340,"man starter 3p,n1",Heavy Industrial,Starters/Contactors,Manual Starters,distance
14345,"man starter 2p,n4",Heavy Industrial,Starters/Contactors,Manual Starters,distance
14350,"man starter 3p,n4",Heavy Industrial,Starters/Contactors,Manual Starters,distance
14356,"man starter 2p,n12",Heavy Industrial,Starters/Contactors,Manual Starters,distance
14361,"man starter 3p,n12",Heavy Industrial,Starters/Contactors,Manual Starters,distance
14366,reversing drum switch,Heavy Industrial,Starters/Contactors,Reversing Drum Switch,distance
14371,"full volt cont,n1",Heavy Industrial,Starters/Contactors,Contactors,distance
14383,"full volt cont,n4",Heavy Industrial,Starters/Contactors,Contactors,distance
14394,"full volt cont,n12",Heavy Industrial,Starters/Contactors,Contactors,distance
14406,starter 2p full voltag n1,Heavy Industrial,Starters/Contactors,Magnetic Starters,distance
14414,starter 3p full voltag n1,Heavy Industrial,Starters/Contactors,Magnetic Starters,distance
14426,"start/disc 3p,nema 1",Heavy Industrial,Starters/Contactors,Combination Starters,distance
14436,"start/cb 3p,nema 1",Heavy Industrial,Starters/Contactors,Combination Starters,distance
14447,starter 2p full voltage n4,Heavy Industrial,Starters/Contactors,Magnetic Starters,distance
14454,starter 3p full voltage n4,Heavy Industrial,Starters/Contactors,Magnetic Starters,distance
14466,"start/disc 3p,nema 4",Heavy Industrial,Starters/Contactors,Combination Starters,distance
14475,"start/cb 3p,nema 4",Heavy Industrial,Starters/Contactors,Combination Starters,distance
14485,starter 2p full voltage n12,Heavy Industrial,Starters/Contactors,Magnetic Starters,distance
14492,starter 3p full voltage n12,Heavy Industrial,Starters/Contactors,Magnetic Starters,distance
14504,"start/disc 3p,nema 12",Heavy Industrial,Starters/Contactors,Combination Starters,distance
14513,"start/cb 3p,nema 12",Heavy Industrial,Starters/Contactors,Combination Starters,distance
14524,starter 2p reversing n1,Heavy Industrial,Starters/Contactors,Reversing Starters,distance
14532,starter 3p reversing n1,Heavy Industrial,Starters/Contactors,Reversing Starters,distance
14544,"start/disc 3p,rev,n1",Heavy Industrial,Starters/Contactors,Reversing Starters,distance
14554,"start/cb 3p,rev,n1",Heavy Industrial,Starters/Contactors,Reversing Starters,distance
14563,"starter 2p rev,n4",Heavy Industrial,Starters/Contactors,Reversing Starters,distance
14571,"starter 3p rev,n4",Equipment,Starters/Contactors,Rev Starters,distance
14581,"comb starter rev,n4",Equipment,Starters/Contactors,Rev Starters,unique
14582,"start/disc 3p,rev,n4",Heavy Industrial,Starters/Contactors,Reversing Starters,distance
14592,"start/cb 3p,rev,n4",Heavy Industrial,Starters/Contactors,Reversing Starters,distance
14602,starter 2p red volt,Heavy Industrial,Starters/Contactors,Reduced Voltage Starters,distance
14610,starter 3p red volt,Heavy Industrial,Starters/Contactors,Reduced Voltage Starters,distance
14622,"start/disc 3p,redv,n1",Heavy Industrial,Starters/Contactors,Reduced Voltage Starters,distance
14632,"start/cb 3p,redv,n1",Heavy Industrial,Starters/Contactors,Reduced Voltage Starters,distance
14641,"starter 2p redv,n4",Heavy Industrial,Starters/Contactors,Reduced Voltage Starters,distance
14649,"starter 3p redv,n4",Heavy Industrial,Starters/Contactors,Reduced Voltage Starters,distance
14662,"start/disc 3p,redv,n4",Heavy Industrial,Starters/Contactors,Reduced Voltage Starters,distance
14671,"start/cb 3p,redv,n4",Heavy Industrial,Starters/Contactors,Reduced Voltage Starters,distance
14683,starter 2p 2 spd n1,Heavy Industrial,Starters/Contactors,Two Speed Starters,distance
14691,starter 3p 2 spd n1,Heavy Industrial,Starters/Contactors,Two Speed Starters,distance
14703,"start/disc 3p,2spd,n1",Heavy Industrial,Starters/Contactors,Two Speed Starters,distance
14713,"start/cb 3p,2spd,n1",Heavy Industrial,Starters/Contactors,Two Speed Starters,unique
14722,"starter 2p 2spd,n4",Heavy Industrial,Starters/Contactors,Two Speed Starters,distance
14730,"starter 3p 2spd,n4",Heavy Industrial,Starters/Contactors,Two Speed Starters,distance
14742,"start/disc 3p,2spd,n4",Heavy Industrial,Starters/Contactors,Two Speed Starters,distance
14752,"start/cb 3p,2spd,n4",Heavy Industrial,Starters/Contactors,Two Speed Starters,distance
14764,"ltg cont elec held,n1",Equipment,Starters/Contactors,Contactors,distance
14798,"ltg cont mech held,n1",Equipment,Starters/Contactors,Contactors,distance
14828,"ltg cont, nema4",Equipment,Starters/Contactors,Contactors,unique
14829,"ltg cont elec held,n4",Heavy Industrial,Starters/Contactors,Contactors,distance
14863,"ltg cont mech held,n4",Heavy Industrial,Starters/Contactors,Contactors,distance
14898,pb station,Equipment,Starters/Contactors,Controls,distance
14905,pb station oil-tight,Equipment,Starters/Contactors,Controls,distance
14912,pb station expl-prf,Equipment,Starters/Contactors,Controls,distance
14923,troffers/lay-in led,Fixtures,LED Linear Fixtures,,distance
14951,troffers/lay-in led emergen,Fixtures,LED Linear Fixtures,,unique
14979,troffers/lay-in led w/o box,Fixtures,LED Linear Fixtures,,unique
15009,air boot,Fixtures,LED Linear Fixtures,,unique
15013,led linear surface fixtures,Fixtures,LED Linear Fixtures /Foot,,unique
15017,light surface led,Fixtures,LED Linear Fixtures,,distance
15064,light flanged led linear,Fixtures,LED Linear Fixtures,,unique
15074,indirect linear led fixt,Fixtures,LED Linear Fixtures,,distance
15080,led linear cove light,Fixtures,LED Linear Fixtures,,distance
15090,tube light,Fixtures,LED Linear Fixtures,,unique
15100,led linear eggcrate fixture,Fixtures,LED Linear Fixtures,,unique
15107,led industrial reflector fi,Fixtures,LED Linear Fixtures,,distance
15112,led pendant mtd linear fixt,Fixtures,LED Linear Fixtures,,unique
15134,led industrial chain hung f,Fixtures,LED Linear Fixtures,,distance
15156,industrial fixture wire gua,Fixtures,LED Linear Fixtures,,distance
15163,led surface mount strip fix,Fixtures,LED Linear Fixtures,,distance
15188,strip fixture wire guards,Fixtures,LED Linear Fixtures,,distance
15196,led under counter strip fix,Fixtures,LED Linear Fixtures,,unique
15209,led recessed can directiona,Fixtures,LED Fixtures,,unique
15213,led pendant mounted fixture,Fixtures,LED Ceiling Fixtures,,unique
15227,led wall sconces,Fixtures,LED Wall Fixtures,,unique
15241,led emergency fixture,Fixtures,LED Emergency/Exit Fixtures,,unique
15252,led chandelier fixture,Fixtures,LED Decorative Fixtures,,unique
15262,led decorative fixture,Fixtures,LED Decorative Fixtures,,distance
15273,led decorative pendant fixt,Fixtures,LED Decorative Fixtures,,unique
15290,lighting track,Fixtures,LED Light Track Fixtures,,unique
15306,led wall pack fixture,Fixtures,LED Wall Pack Fixtures,,unique
15316,ball aligner,Fixtures,LED High/Low Bay Fixtures,,distance
15321,led low bay 250w fixture,Fixtures,LED High/Low Bay Fixtures,,unique
15327,led low bay 400w fixture,Fixtures,LED High/Low Bay Fixtures,,unique
15332,led high bay 250w fixture,Fixtures,LED High/Low Bay Fixtures,,unique
15337,led high bay 400w fixture,Fixtures,LED High/Low Bay Fixtures,,unique
15342,led high bay 1000w fixture,Fixtures,LED High/Low Bay Fixtures,,unique
15351,led vapor tight fixture,Fixtures,LED Fixtures,,distance
15368,led vaportite linear fixtur,Fixtures,LED Ceiling Fixtures,,distance
15380,led exp proof cl 1 fixture,Fixtures,LED Explosion Proof Fixtures,,unique
15396,led exp proof wall mtd fixt,Fixtures,LED Explosion Proof Fixtures,,unique
15401,led exp proof ceil mtd fixt,Fixtures,LED Explosion Proof Fixtures,,unique
15406,led exp proof reflector fix,Fixtures,LED Explosion Proof Fixtures,,unique
15412,led linear exp proof class,Fixtures,LED Explosion Proof Fixtures,,unique
15426,led exp proof surf exit cla,Fixtures,LED Explosion Proof Fixtures,,unique
15429,led tank light fixture,Fixtures,LED Tank Light Fixtures,,unique
15443,led stadium light fixture,Fixtures,LED Stadium Fixtures,,unique
15452,landscape lighting dc & ac,Fixtures,LED Landscape Fixtures,,unique
15458,led spike mounted light,Fixtures,LED Landscape Fixtures,,unique
15462,light dry niche,Fixtures,LED Pool/Fountain Fixtures,,unique
15480,led step fixture,Fixtures,LED Step Light Fixtures,,unique
15483,led dock fixture,Fixtures,LED Dock Light Fixtures,,unique
15489,bollard lighting,Fixtures,LED Site Fixtures,,unique
15498,light pole lights,Fixtures,LED Highway Fixtures,,distance
15501,lowering mechanism,Fixtures,LED Highway Fixtures,,distance
15507,steel pole assemblies,Fixtures,LED Highway Fixtures,,distance
15518,alum pole assemblies,Fixtures,LED Highway Fixtures,,distance
15530,photo cell,Fixtures,Lighting Controls,Photo/Time Clock,unique
15536,time clock,Fixtures,Lighting Controls,Photo/Time Clock,unique
15543,commercial ivory occupancy,Fixtures,Occupancy Sensor,,distance
15557,residential dim occupancy s,Residential,Occupancy Sensors,,unique
15584,switch standard masonry,Devices,Standard Grade,,unique
15603,switch commercial,Devices,Standard Grade,,unique
15646,switch 15a com masonry,Devices,Standard Grade,,unique
15665,switch 20a com masonry,Devices,Standard Grade,,unique
15685,switch 15 amp spec,Devices,Spec. Grade,Switch Spec,unique
15710,switch 20 amp spec,Devices,Spec. Grade,Switch Spec,unique
15733,switch 15 amp spec masonry,Devices,Spec. Grade,Switch Spec,unique
15758,switch 20 amp spec masonry,Devices,Spec. Grade,Switch Spec,unique
15782,telephone,Telephone,,,unique
15794,switch wiremold,Devices,Standard Grade,,unique
15819,switch std surface,Devices,Standard Grade,,unique
15829,switch com surface,Devices,Standard Grade,,unique
15850,switch spec surf,Devices,Spec. Grade,Switch Spec,unique
15864,comb sw/recpt,Devices,Standard Grade,,unique
15867,motor switch,Industrial,Motor,Motor Switch,distance
15882,dimmer,Devices,Standard Grade,,unique
15907,wp switch,Devices,Standard Grade,,unique
15913,expl switch,Devices,Industrial,Explosion Proof,distance
15922,15a tamper-resistant recept,Devices,Standard Grade,,distance
15930,20a tamper-resistant recept,Devices,Standard Grade,,distance
15936,15a afci tamper-resistant r,Devices,Standard Grade,,distance
15940,20a afci tamper-resistant r,Devices,Standard Grade,,distance
15952,15a tamper recept & usb cha,Devices,Tamper Resistant,Standard Recpt W/USB Tamper Resistan,unique
15956,20a tamper recept & usb cha,Devices,Tamper Resistant,Standard Recpt W/USB Tamper Resistan,unique
15961,receptacles,Devices,Standard Grade,,unique
15977,receptacles masonry,Devices,Standard Grade,,unique
15988,receptacle usb,Devices,Standard Grade,,unique
15991,recpt single,Devices,Standard Grade,,unique
16006,recpt 15a spec,Devices,Spec. Grade,Recpt Spec,unique
16024,15a hospital grade tamper r,Devices,Spec. Grade,Recpt Spec Hosp,distance
16029,15a hosp recept & usb charg,Devices,Spec. Grade,Recpt Spec Hosp,unique
16049,20a hospital grade recpt,Devices,Spec. Grade,Recpt Spec Hosp,distance
16054,20a hosp recept & usb charg,Devices,Spec. Grade,Recpt Spec Hosp,distance
16059,recp decora commercial tamp,Devices,Standard Grade,,distance
16065,4 port 0.4a usb charger,Devices,Tamper Resistant,USB Charger,distance
16072,recpt 15a spec masonry,Devices,Spec. Grade,Recpt Spec,unique
16088,15a hosp grade tamp recpt m,Devices,Spec. Grade,Recpt Spec Hosp,unique
16092,15a hosp recept & usb charg,Devices,Spec. Grade,Recpt Spec Hosp,unique
16097,recpt 20a spec masonry,Devices,Spec. Grade,Recpt Spec,unique
16110,20a hospital grade recpt ma,Devices,Spec. Grade,Recpt Spec Hosp,unique
16115,20a hosp recept & usb charg,Devices,Spec. Grade,Recpt Spec Hosp,distance
16120,recp decora com tamper maso,Devices,Standard Grade,,unique
16149,recpt 15a ss,Devices,Spec. Grade,Recpt Spec,unique
16161,recpt 20a ss,Devices,Spec. Grade,Recpt Spec,unique
16175,sgl recp surface,Devices,Spec. Grade,Recpt Spec,unique
16191,15a recpt surface,Devices,Spec. Grade,Recpt Spec,unique
16205,20a recpt surface,Devices,Spec. Grade,Recpt Spec,unique
16344,industrial receptacle,Devices,Industrial,Industrial Receptacle,distance
16374,125V str blade power recept,Devices,Industrial,Str Blade Power Recpt,distance
16380,250V str blade power recept,Devices,Industrial,Str Blade Power Recpt,distance
16386,277V str blade power recept,Devices,Industrial,Str Blade Power Recpt,distance
16391,125/250V 3p3w str blade pow,Devices,Industrial,Str Blade Power Recpt,distance
16398,125/250V 3p4w str blade pow,Devices,Industrial,Str Blade Power Recpt,distance
16404,250V 3p4w str blade power r,Devices,Industrial,Str Blade Power Recpt,distance
16410,120/208V 4p4w str blade pow,Devices,Industrial,Str Blade Power Recpt,distance
16417,receptacle 15a single twist,Devices,Industrial,Twist Lock Receptacle,distance
16420,receptacle 20a single twist,Devices,Industrial,Twist Lock Receptacle,distance
16436,receptacle 30a single twist,Devices,Industrial,Twist Lock Receptacle,distance
16454,explosion proof receptacle,Devices,Industrial,Explosion Proof,distance
16468,explosion proof industrial,Devices,Industrial,Explosion Proof,distance
16483,outlet box 4/S,Devices,Box,,unique
16523,box 4 11/16 square,Devices,Box,,unique
16545,box 3 gang,Devices,Box,,unique
16565,box 4 gang,Devices,Box,,unique
16585,box 5 gang,Devices,Box,,unique
16605,box 6 gang,Devices,Box,,unique
16625,box masonary,Devices,Box,,unique
16642,boxes ceiling outlet,Devices,Box,,distance
16649,boxes ceiling,Devices,Box,,unique
16699,handy box,Devices,Box,,unique
16704,box bx/mc,Devices,Box,,unique
16715,box bell,Devices,Box,,unique
16728,box al round,Devices,Box,,unique
16741,fs boxes,Devices,Box,,unique
16753,fd boxes,Devices,Box,,unique
16768,grounding,Grounding,,,unique
16769,ga grnd rod w/clamp,Heavy Industrial,Grounding,,unique
16778,cu grnd rod w/clamp,Grounding,,,unique
16795,generator,Heavy Industrial,Generator,,distance
16811,motor mounting,Industrial,Motor,Motor Mounting,distance
16826,mtr mtg plate,Industrial,Motor,Motor Mounting,distance
16835,telephone emt stub-ups,Telephone,,,unique
16840,telephone pvc stub-ups,Telephone,,,unique
16845,tele-power pole,Devices,Tele-Power Pole,,unique
16849,computer outlets,Devices,Computer,,unique
16858,voice/data cabinets,Voice/Data,Voice,Cabinets,distance
16874,heaters,HVAC,Heating,,unique
17040,vav single duct systems,HVAC,VAV Systems,,unique
17060,1ph 250v rooftop heat pump,HVAC,Rooftop Heat Pumps,,unique
17082,1ph 250v rooftop heat pump,HVAC,Rooftop Heat Pumps,,unique
17148,lv transformer,HVAC,Heating,,unique
17155,broan fans,HVAC,Fan/Ventilating,,unique
17190,timer switch,Devices,Standard Grade,,unique
17194,roof flashing,Feeder,Flashing,,unique
17202,excavation,Underground systems,,,distance
17215,trench & backfill,Underground systems,,,distance
17239,shoring,Underground systems,,,distance
17247,sand bedding,Underground systems,,,distance
17256,concrete bedding,Underground systems,,,distance
17266,jacking,Underground systems,,,distance
17283,sonotube base $120.00/yd,Underground systems,,,distance
17291,housekeeping pad,Underground systems,,,distance
17297,ductbank,Underground systems,,,distance
17318,reinforced ductbank,Underground systems,,,distance
17339,form ductbank,Underground systems,,,distance
17349,ideal undetectable warning,Underground systems,,,unique
17357,ideal detectable warning ta,Underground systems,,,unique
17364,house recept,Residential,Standard Outlets,,unique
17403,led residential light fixtu,Residential,Fixture Outlets,,distance
17441,house eq connect,Residential,Equip Connections,,unique
17449,bath wall heater w/fan 1kw,Residential,Bath Wall Heater,,unique
17462,tamper house recept w/nm-b,Residential,Tamper House Recpt W/NM Cable,,unique
17468,afci tamper house recept w/,Residential,AFCI Tamper House Outlets W/NM Cable,,unique
17504,house switch w/nm-b,Residential,House Outlets W/NM Cable,,unique
17536,led Residential Fixtures w/,Residential,Fixture Outlets W/NM Cable,,unique
17559,house eq connect w/nm-b,Residential,Equip Conn W/NM Cable,,unique
17582,ti work per sq. foot,TI Work,,,unique
17605,emt d/s strap const,Branch with Constants,EMT,"D/S, Strap",distance
17619,n14 emt d/s strap const,Branch with Constants,EMT,"D/S, Strap",unique
17628,n12 emt d/s strap const,Branch with Constants,EMT,"D/S, Strap",unique
17637,n10 emt d/s strap const,Branch with Constants,EMT,"D/S, Strap",unique
17646,n8 emt d/s strap const,Branch with Constants,EMT,"D/S, Strap",unique
17653,n6 emt d/s strap const,Branch with Constants,EMT,"D/S, Strap",unique
17659,n4 emt d/s strap const,Branch with Constants,EMT,"D/S, Strap",unique
17664,n14 3/4 emt d/s strap cons,Branch with Constants,EMT,"D/S, Strap",loose
17673,n12 3/4 emt d/s strap cons,Branch with Constants,EMT,"D/S, Strap",loose
17683,n14 hr emt d/s strap const,Branch with Constants,EMT Home Runs,"D/S, Strap",unique
17692,n12 hr emt d/s strap const,Branch with Constants,EMT Home Runs,"D/S, Strap",unique
17701,n10 hr emt d/s strap const,Branch with Constants,EMT Home Runs,"D/S, Strap",unique
17710,n8 hr emt d/s strap const,Branch with Constants,EMT Home Runs,"D/S, Strap",unique
17717,n6 hr emt d/s strap const,Branch with Constants,EMT Home Runs,"D/S, Strap",unique
17723,n4 hr emt d/s strap const,Branch with Constants,EMT Home Runs,"D/S, Strap",unique
17728,n14 3/4 hr emt d/s strap c,Branch with Constants,EMT Home Runs,"D/S, Strap",distance
17737,n12 3/4 hr emt d/s strap c,Branch with Constants,EMT Home Runs,"D/S, Strap",distance
17747,n3 emt d/s strap const,Feeder with Constants,EMT Copper wire feeders,"D/S, Strap",unique
17753,n2 emt d/s strap const,Feeder with Constants,EMT Copper wire feeders,"D/S, Strap",unique
17759,n1 emt d/s strap const,Feeder with Constants,EMT Copper wire feeders,"D/S, Strap",unique
17765,n1/0 emt d/s strap const,Feeder with Constants,EMT Copper wire feeders,"D/S, Strap",unique
17771,n2/0 emt d/s strap const,Feeder with Constants,EMT Copper wire feeders,"D/S, Strap",unique
17777,n3/0 emt d/s strap const,Feeder with Constants,EMT Copper wire feeders,"D/S, Strap",unique
17783,n4/0 emt d/s strap const,Feeder with Constants,EMT Copper wire feeders,"D/S, Strap",unique
17789,n250 emt d/s strap const,Feeder with Constants,EMT Copper wire feeders,"D/S, Strap",unique
17795,n300 emt d/s strap const,Feeder with Constants,EMT Copper wire feeders,"D/S, Strap",unique
17801,n350 emt d/s strap const,Feeder with Constants,EMT Copper wire feeders,"D/S, Strap",unique
17807,n400 emt d/s strap const,Feeder with Constants,EMT Copper wire feeders,"D/S, Strap",unique
17813,n500 emt d/s strap const,Feeder with Constants,EMT Copper wire feeders,"D/S, Strap",unique
17819,n600 emt d/s strap const,Feeder with Constants,EMT Copper wire feeders,"D/S, Strap",unique
17825,n750 emt d/s strap const,Feeder with Constants,EMT Copper wire feeders,"D/S, Strap",unique
17833,emt d/s strap concrete cons,Feeder with Constants,EMT Copper wire feeders,"D/S, Strap Concrete",distance
17845,n14 emt d/s strap concrete,Branch,EMT,"D/S, Strap Concrete",unique
17854,n12 emt d/s strap concrete,Branch,EMT,"D/S, Strap Concrete",unique
17863,n10 emt d/s strap concrete,Branch,EMT,"D/S, Strap Concrete",unique
17872,n8 emt d/s strap concrete c,Branch with Constants,EMT,"D/S, Strap Concrete",unique
17879,n6 emt d/s strap concrete c,Branch with Constants,EMT,"D/S, Strap Concrete",unique
17885,n4 emt d/s strap concrete c,Branch with Constants,EMT,"D/S, Strap Concrete",unique
17890,n14 3/4emt d/s strap concr,Branch with Constants,EMT,"D/S, Strap Concrete",loose
17899,n12 3/4emt d/s strap concr,Branch with Constants,EMT,"D/S, Strap Concrete",loose
17909,n14 hr emt d/s strap concre,Branch with Constants,EMT Home Runs,"D/S, Strap Concrete",unique
17918,n12 hr emt d/s strap concre,Branch with Constants,EMT Home Runs,"D/S, Strap Concrete",unique
17927,n10 hr emt d/s strap concre,Branch with Constants,EMT Home Runs,"D/S, Strap Concrete",unique
17936,n8 hr emt d/s strap concret,Branch with Constants,EMT Home Runs,"D/S, Strap Concrete",unique
17943,n6 hr emt d/s strap concret,Branch with Constants,EMT Home Runs,"D/S, Strap Concrete",unique
17949,n4 hr emt d/s strap concret,Branch with Constants,EMT Home Runs,"D/S, Strap Concrete",unique
17954,n14 3/4 hr emt d/s strap c,Branch with Constants,EMT Home Runs,"D/S, Strap",distance
17963,n12 3/4 hr emt d/s strap c,Branch with Constants,EMT Home Runs,"D/S, Strap",distance
17974,n3 emt d/s strap concrete c,Feeder with Constants,EMT Copper wire feeders,"D/S, Strap Concrete",unique
17980,n2 emt d/s strap concrete c,Feeder with Constants,EMT Copper wire feeders,"D/S, Strap Concrete",unique
17986,n1 emt d/s strap concrete c,Feeder with Constants,EMT Copper wire feeders,"D/S, Strap Concrete",unique
17992,n1/0 emt d/s strap concrete,Feeder,EMT,"D/S, Strap Concrete",unique
17998,n2/0 emt d/s strap concrete,Feeder,EMT,"D/S, Strap Concrete",unique
18004,n3/0 emt d/s strap concrete,Feeder,EMT,"D/S, Strap Concrete",unique
18010,n4/0 emt d/s strap concrete,Feeder,EMT,"D/S, Strap Concrete",unique
18016,n250 emt d/s strap concrete,Feeder,EMT,"D/S, Strap Concrete",unique
18022,n300 emt d/s strap concrete,Feeder,EMT,"D/S, Strap Concrete",unique
18028,n350 emt d/s strap concrete,Feeder,EMT,"D/S, Strap Concrete",unique
18034,n400 emt d/s strap concrete,Feeder,EMT,"D/S, Strap Concrete",unique
18040,n500 emt d/s strap concrete,Feeder,EMT,"D/S, Strap Concrete",unique
18046,n600 emt d/s strap concrete,Feeder,EMT,"D/S, Strap Concrete",unique
18052,n750 emt d/s strap concrete,Feeder,EMT,"D/S, Strap Concrete",unique
18061,emt d/s rack const,Branch with Constants,EMT,"D/S, Rack",distance
18073,n14 emt d/s racks const,Branch with Constants,EMT,"D/S, Rack",unique
18082,n12 emt d/s racks const,Branch with Constants,EMT,"D/S, Rack",unique
18091,n10 emt d/s racks const,Branch with Constants,EMT,"D/S, Rack",unique
18100,n8 emt d/s rack const,Branch with Constants,EMT,"D/S, Rack",unique
18107,n6 emt d/s rack const,Branch with Constants,EMT,"D/S, Rack",unique
18113,n4 emt d/s racks const,Branch with Constants,EMT,"D/S, Rack",unique
18118,n14 3/4 emt d/s racks cons,Branch with Constants,EMT,"D/S, Rack",loose
18127,n12 3/4 emt d/s racks cons,Branch with Constants,EMT,"D/S, Rack",loose
18137,n14 hr emt d/s racks const,Branch with Constants,EMT Home Runs,"D/S, Rack",unique
18146,n12 hr emt d/s racks const,Branch with Constants,EMT Home Runs,"D/S, Rack",unique
18155,n10 hr emt d/s racks const,Branch with Constants,EMT Home Runs,"D/S, Rack",unique
18164,n8 hr emt d/s racks const,Branch with Constants,EMT Home Runs,"D/S, Rack",unique
18171,n6 hr emt d/s racks const,Branch with Constants,EMT Home Runs,"D/S, Rack",unique
18177,n4 hr emt d/s racks const,Branch with Constants,EMT Home Runs,"D/S, Rack",unique
18182,n14 3/4 hr emt d/s racks c,Branch with Constants,EMT Home Runs,"D/S, Rack",loose
18191,n12 3/4 hr emt d/s racks c,Branch with Constants,EMT Home Runs,"D/S, Rack",loose
18202,n3 emt d/s rack const,Feeder with Constants,EMT Copper wire feeders,"D/S, Rack",unique
18208,n2 emt d/s rack const,Feeder with Constants,EMT Copper wire feeders,"D/S, Rack",unique
18214,n1 emt d/s rack const,Feeder with Constants,EMT Copper wire feeders,"D/S, Rack",unique
18220,n1/0 emt d/s rack const,Feeder with Constants,EMT Copper wire feeders,"D/S, Rack",unique
18226,n2/0 emt d/s rack const,Feeder with Constants,EMT Copper wire feeders,"D/S, Rack",unique
18232,n3/0 emt d/s rack const,Feeder with Constants,EMT Copper wire feeders,"D/S, Rack",unique
18238,n4/0 emt d/s rack const,Feeder with Constants,EMT Copper wire feeders,"D/S, Rack",unique
18244,n250 emt d/s rack const,Feeder with Constants,EMT Copper wire feeders,"D/S, Rack",unique
18250,n300 emt d/s rack const,Feeder with Constants,EMT Copper wire feeders,"D/S, Rack",unique
18256,n350 emt d/s rack const,Feeder with Constants,EMT Copper wire feeders,"D/S, Rack",unique
18262,n400 emt d/s rack const,Feeder with Constants,EMT Copper wire feeders,"D/S, Rack",unique
18268,n500 emt d/s rack const,Feeder with Constants,EMT Copper wire feeders,"D/S, Rack",unique
18274,n600 emt d/s rack const,Feeder with Constants,EMT Copper wire feeders,"D/S, Rack",unique
18280,n750 emt d/s rack const,Feeder with Constants,EMT Copper wire feeders,"D/S, Rack",unique
18289,emt d/s beam clamp const,Branch with Constants,EMT,D/S Beam Clamp,distance
18301,n14 emt d/s beam clamp cons,Branch with Constants,EMT,D/S Beam Clamp,unique
18310,n12 emt d/s beam clamp cons,Branch with Constants,EMT,D/S Beam Clamp,unique
18319,n10 emt d/s beam clamp cons,Branch with Constants,EMT,D/S Beam Clamp,unique
18328,n8 emt d/s beam clamp const,Branch with Constants,EMT,D/S Beam Clamp,unique
18335,n6 emt d/s beam clamp const,Branch with Constants,EMT,D/S Beam Clamp,unique
18341,n4 emt d/s beam clamp const,Branch with Constants,EMT,D/S Beam Clamp,unique
18346,n14 3/4 emt d/s beam clamp,Branch with Constants,EMT,D/S Beam Clamp,loose
18355,n12 3/4 emt d/s beam clamp,Branch with Constants,EMT,D/S Beam Clamp,loose
18365,n14 hr emt d/s beam clamp c,Branch with Constants,EMT Home Runs,D/S Beam Clamp,unique
18374,n12 hr emt d/s beam clamp c,Branch with Constants,EMT Home Runs,D/S Beam Clamp,unique
18383,n10 hr emt d/s beam clamp c,Branch with Constants,EMT Home Runs,D/S Beam Clamp,unique
18392,n8 hr emt d/s beam clamp co,Branch with Constants,EMT Home Runs,D/S Beam Clamp,unique
18399,n6 hr emt d/s beam clamp co,Branch with Constants,EMT Home Runs,D/S Beam Clamp,unique
18405,n4 hr emt d/s beam clamp co,Branch with Constants,EMT Home Runs,D/S Beam Clamp,unique
18410,n14 3/4 hr emt d/s beam cl,Branch with Constants,EMT Home Runs,D/S Beam Clamp,loose
18419,n12 3/4 hr emt d/s beam cl,Branch with Constants,EMT Home Runs,D/S Beam Clamp,loose
18430,n3 emt d/s beam clamp const,Feeder with Constants,EMT Copper wire feeders,"D/S, Beam Clamp",unique
18436,n2 emt d/s beam clamp const,Feeder with Constants,EMT Copper wire feeders,"D/S, Beam Clamp",unique
18442,n1 emt d/s beam clamp const,Feeder with Constants,EMT Copper wire feeders,"D/S, Beam Clamp",unique
18448,n1/0 emt d/s beam clamp con,Feeder with Constants,EMT Copper wire feeders,"D/S, Beam Clamp",unique
18454,n2/0 emt d/s beam clamp con,Feeder with Constants,EMT Copper wire feeders,"D/S, Beam Clamp",unique
18460,n3/0 emt d/s beam clamp con,Feeder with Constants,EMT Copper wire feeders,"D/S, Beam Clamp",unique
18466,n4/0 emt d/s beam clamp con,Feeder with Constants,EMT Copper wire feeders,"D/S, Beam Clamp",unique
18472,n250 emt d/s beam clamp con,Feeder with Constants,EMT Copper wire feeders,"D/S, Beam Clamp",unique
18478,n300 emt d/s beam clamp con,Feeder with Constants,EMT Copper wire feeders,"D/S, Beam Clamp",unique
18484,n350 emt d/s beam clamp con,Feeder with Constants,EMT Copper wire feeders,"D/S, Beam Clamp",unique
18490,n400 emt d/s beam clamp con,Feeder with Constants,EMT Copper wire feeders,"D/S, Beam Clamp",unique
18496,n500 emt d/s beam clamp con,Feeder with Constants,EMT Copper wire feeders,"D/S, Beam Clamp",unique
18502,n600 emt d/s beam clamp con,Feeder with Constants,EMT Copper wire feeders,"D/S, Beam Clamp",unique
18508,n750 emt d/s beam clamp con,Feeder with Constants,EMT Copper wire feeders,"D/S, Beam Clamp",unique
18517,emt d/c strap const,Branch with Constants,EMT,"D/C, Strap",distance
18530,n14 emt d/c strap const,Branch with Constants,EMT,"D/C, Strap",unique
18539,n12 emt d/c strap const,Branch with Constants,EMT,"D/C, Strap",unique
18548,n10 emt d/c strap const,Branch with Constants,EMT,"D/C, Strap",unique
18557,n8 emt d/c strap const,Branch with Constants,EMT,"D/C, Strap",unique
18564,n6 emt d/c strap const,Branch with Constants,EMT,"D/C, Strap",unique
18570,n4 emt d/c strap const,Branch with Constants,EMT,"D/C, Strap",unique
18575,n14 3/4 emt d/c strap cons,Branch with Constants,EMT,"D/C, Strap",loose
18584,n12 3/4 emt d/c strap cons,Branch with Constants,EMT,"D/C, Strap",loose
18593,n14 hr emt d/c strap const,Branch with Constants,EMT Home Runs,"D/C, Strap",unique
18602,n12 hr emt d/c strap const,Branch with Constants,EMT Home Runs,"D/C, Strap",unique
18611,n10 hr emt d/c strap const,Branch with Constants,EMT Home Runs,"D/C, Strap",unique
18620,n8 hr emt d/c strap const,Branch with Constants,EMT Home Runs,"D/C, Strap",unique
18627,n6 hr emt d/c strap const,Branch with Constants,EMT Home Runs,"D/C, Strap",unique
18633,n4 hr emt d/c strap const,Branch with Constants,EMT Home Runs,"D/C, Strap",unique
18638,n14 3/4 hr emt d/c strap c,Branch with Constants,EMT Home Runs,"D/C, Strap",distance
18647,n12 3/4 hr emt d/c strap c,Branch with Constants,EMT Home Runs,"D/C, Strap",distance
18657,n3 emt d/c strap const,Feeder with Constants,EMT Copper wire feeders,"D/C, Strap",unique
18663,n2 emt d/c strap const,Feeder with Constants,EMT Copper wire feeders,"D/C, Strap",unique
18669,n1 emt d/c strap const,Feeder with Constants,EMT Copper wire feeders,"D/C, Strap",unique
18675,n1/0 emt d/c strap const,Feeder with Constants,EMT Copper wire feeders,"D/C, Strap",unique
18681,n2/0 emt d/c strap const,Feeder with Constants,EMT Copper wire feeders,"D/C, Strap",unique
18687,n3/0 emt d/c strap const,Feeder with Constants,EMT Copper wire feeders,"D/C, Strap",unique
18693,n4/0 emt d/c strap const,Feeder with Constants,EMT Copper wire feeders,"D/C, Strap",unique
18699,n250 emt d/c strap const,Feeder with Constants,EMT Copper wire feeders,"D/C, Strap",unique
18705,n300 emt d/c strap const,Feeder with Constants,EMT Copper wire feeders,"D/C, Strap",unique
18711,n350 emt d/c strap const,Feeder with Constants,EMT Copper wire feeders,"D/C, Strap",unique
18717,n400 emt d/c strap const,Feeder with Constants,EMT Copper wire feeders,"D/C, Strap",unique
18723,n500 emt d/c strap const,Feeder with Constants,EMT Copper wire feeders,"D/C, Strap",unique
18729,n600 emt d/c strap const,Feeder with Constants,EMT Copper wire feeders,"D/C, Strap",unique
18735,n750 emt d/c strap const,Feeder with Constants,EMT Copper wire feeders,"D/C, Strap",unique
18743,emt d/c strap concrete cons,Feeder with Constants,EMT Copper wire feeders,"D/C, Strap Concrete",distance
18756,n14 emt d/c strap concrete,Branch,EMT,"D/C, Strap Concrete",unique
18765,n12 emt d/c strap concrete,Branch,EMT,"D/C, Strap Concrete",unique
18774,n10 emt d/c strap concrete,Branch,EMT,"D/C, Strap Concrete",unique
18783,n8 emt d/c strap concrete c,Branch with Constants,EMT,"D/C, Strap Concrete",unique
18790,n6 emt d/c strap concrete c,Branch with Constants,EMT,"D/C, Strap Concrete",unique
18796,n4 emt d/c strap concrete c,Branch with Constants,EMT,"D/C, Strap Concrete",unique
18801,n14 3/4emt d/c strap concr,Branch with Constants,EMT,"D/C, Strap Concrete",loose
18810,n12 3/4emt d/c strap concr,Branch with Constants,EMT,"D/C, Strap Concrete",loose
18820,n14 hr emt d/c strap concre,Branch with Constants,EMT Home Runs,"D/C, Strap Concrete",unique
18829,n12 hr emt d/c strap concre,Branch with Constants,EMT Home Runs,"D/C, Strap Concrete",unique
18838,n10 hr emt d/c strap concre,Branch with Constants,EMT Home Runs,"D/C, Strap Concrete",unique
18847,n8 hr emt d/c strap concret,Branch with Constants,EMT Home Runs,"D/C, Strap Concrete",unique
18854,n6 hr emt d/c strap concret,Branch with Constants,EMT Home Runs,"D/C, Strap Concrete",unique
18860,n4 hr emt d/c strap concret,Branch with Constants,EMT Home Runs,"D/C, Strap Concrete",unique
18865,n14 3/4 hr emt d/c strap c,Branch with Constants,EMT Home Runs,"D/C, Strap",distance
18874,n12 3/4 hr emt d/c strap c,Branch with Constants,EMT Home Runs,"D/C, Strap",distance
18885,n3 emt d/c strap concrete c,Feeder with Constants,EMT Copper wire feeders,"D/C, Strap Concrete",unique
18891,n2 emt d/c strap concrete c,Feeder with Constants,EMT Copper wire feeders,"D/C, Strap Concrete",unique
18897,n1 emt d/c strap concrete c,Feeder with Constants,EMT Copper wire feeders,"D/C, Strap Concrete",unique
18903,n1/0 emt d/c strap concrete,Feeder,EMT,"D/C, Strap Concrete",unique
18909,n2/0 emt d/c strap concrete,Feeder,EMT,"D/C, Strap Concrete",unique
18915,n3/0 emt d/c strap concrete,Feeder,EMT,"D/C, Strap Concrete",unique
18921,n4/0 emt d/c strap concrete,Feeder,EMT,"D/C, Strap Concrete",unique
18927,n250 emt d/c strap concrete,Feeder,EMT,"D/C, Strap Concrete",unique
18933,n300 emt d/c strap concrete,Feeder,EMT,"D/C, Strap Concrete",unique
18939,n350 emt d/c strap concrete,Feeder,EMT,"D/C, Strap Concrete",unique
18945,n400 emt d/c strap concrete,Feeder,EMT,"D/C, Strap Concrete",unique
18951,n500 emt d/c strap concrete,Feeder,EMT,"D/C, Strap Concrete",unique
18957,n600 emt d/c strap concrete,Feeder,EMT,"D/C, Strap Concrete",unique
18963,n750 emt d/c strap concrete,Feeder,EMT,"D/C, Strap Concrete",unique
18971,emt d/c rack const,Branch with Constants,EMT,"D/C, Rack",distance
18985,n14 emt d/c racks const,Branch with Constants,EMT,"D/C, Rack",unique
18994,n12 emt d/c racks const,Branch with Constants,EMT,"D/C, Rack",unique
19003,n10 emt d/c racks const,Branch with Constants,EMT,"D/C, Rack",unique
19012,n8 emt d/c racks const,Branch with Constants,EMT,"D/C, Rack",unique
19019,n6 emt d/c racks const,Branch with Constants,EMT,"D/C, Rack",unique
19025,n4 emt d/c racks const,Branch with Constants,EMT,"D/C, Rack",unique
19030,n14 3/4 emt d/c racks cons,Branch with Constants,EMT,"D/C, Rack",loose
19039,n12 3/4 emt d/c racks cons,Branch with Constants,EMT,"D/C, Rack",loose
19049,n14 hr emt d/c racks const,Branch with Constants,EMT Home Runs,"D/C, Rack",unique
19058,n12 hr emt d/c racks const,Branch with Constants,EMT Home Runs,"D/C, Rack",unique
19067,n10 hr emt d/c racks const,Branch with Constants,EMT Home Runs,"D/C, Rack",unique
19076,n8 hr emt d/c racks const,Branch with Constants,EMT Home Runs,"D/C, Rack",unique
19083,n6 hr emt d/c racks const,Branch with Constants,EMT Home Runs,"D/C, Rack",unique
19089,n4 hr emt d/c racks const,Branch with Constants,EMT Home Runs,"D/C, Rack",unique
19094,n14 3/4 hr emt d/c racks c,Branch with Constants,EMT Home Runs,"D/C, Rack",loose
19103,n12 3/4 hr emt d/c racks c,Branch with Constants,EMT Home Runs,"D/C, Rack",loose
19114,n3 emt d/c rack const,Feeder with Constants,EMT Copper wire feeders,"D/C, Rack",unique
19120,n2 emt d/c rack const,Feeder with Constants,EMT Copper wire feeders,"D/C, Rack",unique
19126,n1 emt d/c rack const,Feeder with Constants,EMT Copper wire feeders,"D/C, Rack",unique
19132,n1/0 emt d/c rack const,Feeder with Constants,EMT Copper wire feeders,"D/C, Rack",unique
19138,n2/0 emt d/c rack const,Feeder with Constants,EMT Copper wire feeders,"D/C, Rack",unique
19144,n3/0 emt d/c rack const,Feeder with Constants,EMT Copper wire feeders,"D/C, Rack",unique
19150,n4/0 emt d/c rack const,Feeder with Constants,EMT Copper wire feeders,"D/C, Rack",unique
19156,n250 emt d/c rack const,Feeder with Constants,EMT Copper wire feeders,"D/C, Rack",unique
19162,n300 emt d/c rack const,Feeder with Constants,EMT Copper wire feeders,"D/C, Rack",unique
19168,n350 emt d/c rack const,Feeder with Constants,EMT Copper wire feeders,"D/C, Rack",unique
19174,n400 emt d/c rack const,Feeder with Constants,EMT Copper wire feeders,"D/C, Rack",unique
19180,n500 emt d/c rack const,Feeder with Constants,EMT Copper wire feeders,"D/C, Rack",unique
19186,n600 emt d/c rack const,Feeder with Constants,EMT Copper wire feeders,"D/C, Rack",unique
19192,n750 emt d/c rack const,Feeder with Constants,EMT Copper wire feeders,"D/C, Rack",unique
19199,emt d/c beam clamp const,Branch with Constants,EMT,D/C Beam Clamp,distance
19212,n14 emt d/c beam clamp cons,Branch with Constants,EMT,D/C Beam Clamp,unique
19221,n12 emt d/c beam clamp cons,Branch with Constants,EMT,D/C Beam Clamp,unique
19230,n10 emt d/c beam clamp cons,Branch with Constants,EMT,D/C Beam Clamp,unique
19239,n8 emt d/c beam clamp const,Branch with Constants,EMT,D/C Beam Clamp,unique
19246,n6 emt d/c beam clamp const,Branch with Constants,EMT,D/C Beam Clamp,unique
19252,n4 emt d/c beam clamp const,Branch with Constants,EMT,D/C Beam Clamp,unique
19257,n14 3/4 emt d/c beam clamp,Branch with Constants,EMT,D/C Beam Clamp,loose
19266,n12 3/4 emt d/c beam clamp,Branch with Constants,EMT,D/C Beam Clamp,loose
19276,n14 hr emt d/c beam clamp c,Branch with Constants,EMT Home Runs,D/C Beam Clamp,unique
19285,n12 hr emt d/c beam clamp c,Branch with Constants,EMT Home Runs,D/C Beam Clamp,unique
19294,n10 hr emt d/c beam clamp c,Branch with Constants,EMT Home Runs,D/C Beam Clamp,unique
19303,n8 hr emt d/c beam clamp co,Branch with Constants,EMT Home Runs,D/C Beam Clamp,unique
19310,n6 hr emt d/c beam clamp co,Branch with Constants,EMT Home Runs,D/C Beam Clamp,unique
19316,n4 hr emt d/c beam clamp co,Branch with Constants,EMT Home Runs,D/C Beam Clamp,unique
19321,n14 3/4 hr emt d/c beam cl,Branch with Constants,EMT Home Runs,D/C Beam Clamp,loose
19330,n12 3/4 hr emt d/c beam cl,Branch with Constants,EMT Home Runs,D/C Beam Clamp,loose
19341,n3 emt d/c beam clamp const,Feeder with Constants,EMT Copper wire feeders,"D/C, Beam Clamp",unique
19347,n2 emt d/c beam clamp const,Feeder with Constants,EMT Copper wire feeders,"D/C, Beam Clamp",unique
19353,n1 emt d/c beam clamp const,Feeder with Constants,EMT Copper wire feeders,"D/C, Beam Clamp",unique
19359,n1/0 emt d/c beam clamp con,Feeder with Constants,EMT Copper wire feeders,"D/C, Beam Clamp",unique
19365,n2/0 emt d/c beam clamp con,Feeder with Constants,EMT Copper wire feeders,"D/C, Beam Clamp",unique
19371,n3/0 emt d/c beam clamp con,Feeder with Constants,EMT Copper wire feeders,"D/C, Beam Clamp",unique
19377,n4/0 emt d/c beam clamp con,Feeder with Constants,EMT Copper wire feeders,"D/C, Beam Clamp",unique
19383,n250 emt d/c beam clamp con,Feeder with Constants,EMT Copper wire feeders,"D/C, Beam Clamp",unique
19389,n300 emt d/c beam clamp con,Feeder with Constants,EMT Copper wire feeders,"D/C, Beam Clamp",unique
19395,n350 emt d/c beam clamp con,Feeder with Constants,EMT Copper wire feeders,"D/C, Beam Clamp",unique
19401,n400 emt d/c beam clamp con,Feeder with Constants,EMT Copper wire feeders,"D/C, Beam Clamp",unique
19407,n500 emt d/c beam clamp con,Feeder with Constants,EMT Copper wire feeders,"D/C, Beam Clamp",unique
19413,n600 emt d/c beam clamp con,Feeder with Constants,EMT Copper wire feeders,"D/C, Beam Clamp",unique
19419,n750 emt d/c beam clamp con,Feeder with Constants,EMT Copper wire feeders,"D/C, Beam Clamp",unique
19430,emt s/s strap const,Branch with Constants,EMT,"S/S, Strap",distance
19444,n14 emt s/s strap const,Branch with Constants,EMT,"S/S, Strap",unique
19453,n12 emt s/s strap const,Branch with Constants,EMT,"S/S, Strap",unique
19462,n10 emt s/s strap const,Branch with Constants,EMT,"S/S, Strap",unique
19471,n8 emt s/s strap const,Branch with Constants,EMT,"S/S, Strap",unique
19478,n6 emt s/s strap const,Branch with Constants,EMT,"S/S, Strap",unique
19484,n4 emt s/s strap const,Branch with Constants,EMT,"S/S, Strap",unique
19489,n14 3/4 emt s/s strap cons,Branch with Constants,EMT,"S/S, Strap",loose
19498,n12 3/4 emt s/s strap cons,Branch with Constants,EMT,"S/S, Strap",loose
19508,n14 hr emt s/s strap const,Branch with Constants,EMT Home Runs,"S/S, Strap",unique
19517,n12 hr emt s/s strap const,Branch with Constants,EMT Home Runs,"S/S, Strap",unique
19526,n10 hr emt s/s strap const,Branch with Constants,EMT Home Runs,"S/S, Strap",unique
19535,n8 hr emt s/s strap const,Branch with Constants,EMT Home Runs,"S/S, Strap",unique
19542,n6 hr emt s/s strap const,Branch with Constants,EMT Home Runs,"S/S, Strap",unique
19548,n4 hr emt s/s strap const,Branch with Constants,EMT Home Runs,"S/S, Strap",unique
19553,n14 3/4 hr emt s/s strap c,Branch with Constants,EMT Home Runs,"S/S, Strap",distance
19562,n12 3/4 hr emt s/s strap c,Branch with Constants,EMT Home Runs,"S/S, Strap",distance
19573,n3 emt s/s strap const,Feeder with Constants,EMT Copper wire feeders,"S/S, Strap",unique
19579,n2 emt s/s strap const,Feeder with Constants,EMT Copper wire feeders,"S/S, Strap",unique
19585,n1 emt s/s strap const,Feeder with Constants,EMT Copper wire feeders,"S/S, Strap",unique
19591,n1/0 emt s/s strap const,Feeder with Constants,EMT Copper wire feeders,"S/S, Strap",unique
19597,n2/0 emt s/s strap const,Feeder with Constants,EMT Copper wire feeders,"S/S, Strap",unique
19603,n3/0 emt s/s strap const,Feeder with Constants,EMT Copper wire feeders,"S/S, Strap",unique
19609,n4/0 emt s/s strap const,Feeder with Constants,EMT Copper wire feeders,"S/S, Strap",unique
19615,n250 emt s/s strap const,Feeder with Constants,EMT Copper wire feeders,"S/S, Strap",unique
19621,n300 emt s/s strap const,Feeder with Constants,EMT Copper wire feeders,"S/S, Strap",unique
19627,n350 emt s/s strap const,Feeder with Constants,EMT Copper wire feeders,"S/S, Strap",unique
19633,n400 emt s/s strap const,Feeder with Constants,EMT Copper wire feeders,"S/S, Strap",unique
19639,n500 emt s/s strap const,Feeder with Constants,EMT Copper wire feeders,"S/S, Strap",unique
19645,n600 emt s/s strap const,Feeder with Constants,EMT Copper wire feeders,"S/S, Strap",unique
19651,n750 emt s/s strap const,Feeder with Constants,EMT Copper wire feeders,"S/S, Strap",unique
19658,emt s/s strap concrete cons,Feeder with Constants,EMT Copper wire feeders,"S/S, Strap Concrete",distance
19671,n14 emt s/s strap concrete,Branch,EMT,"S/S, Strap Concrete",unique
19680,n12 emt s/s strap concrete,Branch,EMT,"S/S, Strap Concrete",unique
19689,n10 emt s/s strap concrete,Branch,EMT,"S/S, Strap Concrete",unique
19698,n8 emt s/s strap concrete c,Branch with Constants,EMT,"S/S, Strap Concrete",unique
19705,n6 emt s/s strap concrete c,Branch with Constants,EMT,"S/S, Strap Concrete",unique
19711,n4 emt s/s strap concrete c,Branch with Constants,EMT,"S/S, Strap Concrete",unique
19716,n14 3/4emt s/s strap concr,Branch with Constants,EMT,"S/S, Strap Concrete",loose
19725,n12 3/4emt s/s strap concr,Branch with Constants,EMT,"S/S, Strap Concrete",loose
19735,n14 hr emt s/s strap concre,Branch with Constants,EMT Home Runs,"S/S, Strap Concrete",unique
19744,n12 hr emt s/s strap concre,Branch with Constants,EMT Home Runs,"S/S, Strap Concrete",unique
19753,n10 hr emt s/s strap concre,Branch with Constants,EMT Home Runs,"S/S, Strap Concrete",unique
19762,n8 hr emt s/s strap concret,Branch with Constants,EMT Home Runs,"S/S, Strap Concrete",unique
19769,n6 hr emt s/s strap concret,Branch with Constants,EMT Home Runs,"S/S, Strap Concrete",unique
19775,n4 hr emt s/s strap concret,Branch with Constants,EMT Home Runs,"S/S, Strap Concrete",unique
19780,n14 3/4 hr emt s/s strap c,Branch with Constants,EMT Home Runs,"S/S, Strap",distance
19789,n12 3/4 hr emt s/s strap c,Branch with Constants,EMT Home Runs,"S/S, Strap",distance
19800,n3 emt s/s strap concrete c,Feeder with Constants,EMT Copper wire feeders,"S/S, Strap Concrete",unique
19806,n2 emt s/s strap concrete c,Feeder with Constants,EMT Copper wire feeders,"S/S, Strap Concrete",unique
19812,n1 emt s/s strap concrete c,Feeder with Constants,EMT Copper wire feeders,"S/S, Strap Concrete",unique
19818,n1/0 emt s/s strap concrete,Feeder,EMT,"S/S, Strap Concrete",unique
19824,n2/0 emt s/s strap concrete,Feeder,EMT,"S/S, Strap Concrete",unique
19830,n3/0 emt s/s strap concrete,Feeder,EMT,"S/S, Strap Concrete",unique
19836,n4/0 emt s/s strap concrete,Feeder,EMT,"S/S, Strap Concrete",unique
19842,n250 emt s/s strap concrete,Feeder,EMT,"S/S, Strap Concrete",unique
19848,n300 emt s/s strap concrete,Feeder,EMT,"S/S, Strap Concrete",unique
19854,n350 emt s/s strap concrete,Feeder,EMT,"S/S, Strap Concrete",unique
19860,n400 emt s/s strap concrete,Feeder,EMT,"S/S, Strap Concrete",unique
19866,n500 emt s/s strap concrete,Feeder,EMT,"S/S, Strap Concrete",unique
19872,n600 emt s/s strap concrete,Feeder,EMT,"S/S, Strap Concrete",unique
19878,n750 emt s/s strap concrete,Feeder,EMT,"S/S, Strap Concrete",unique
19887,emt s/s rack const,Branch with Constants,EMT,"S/S, Rack",distance
19900,n14 emt s/s racks const,Branch with Constants,EMT,"S/S, Rack",unique
19909,n12 emt s/s racks const,Branch with Constants,EMT,"S/S, Rack",unique
19918,n10 emt s/s racks const,Branch with Constants,EMT,"S/S, Rack",unique
19927,n8 emt s/s racks const,Branch with Constants,EMT,"S/S, Rack",unique
19934,n6 emt s/s racks const,Branch with Constants,EMT,"S/S, Rack",unique
19940,n4 emt s/s racks const,Branch with Constants,EMT,"S/S, Rack",unique
19945,n14 3/4 emt s/s racks cons,Branch with Constants,EMT,"S/S, Rack",loose
19954,n12 3/4 emt s/s racks cons,Branch with Constants,EMT,"S/S, Rack",loose
19964,n14 hr emt s/s racks const,Branch with Constants,EMT Home Runs,"S/S, Rack",unique
19973,n12 hr emt s/s racks const,Branch with Constants,EMT Home Runs,"S/S, Rack",unique
19982,n10 hr emt s/s racks const,Branch with Constants,EMT Home Runs,"S/S, Rack",unique
19991,n8 hr emt s/s racks const,Branch with Constants,EMT Home Runs,"S/S, Rack",unique
19998,n6 hr emt s/s racks const,Branch with Constants,EMT Home Runs,"S/S, Rack",unique
20004,n4 hr emt s/s racks const,Branch with Constants,EMT Home Runs,"S/S, Rack",unique
20009,n14 3/4 hr emt s/s racks c,Branch with Constants,EMT Home Runs,"S/S, Rack",loose
20018,n12 3/4 hr emt s/s racks c,Branch with Constants,EMT Home Runs,"S/S, Rack",loose
20029,n3 emt s/s rack const,Feeder with Constants,EMT Copper wire feeders,"S/S, Rack",unique
20035,n2 emt s/s rack const,Feeder with Constants,EMT Copper wire feeders,"S/S, Rack",unique
20041,n1 emt s/s rack const,Feeder with Constants,EMT Copper wire feeders,"S/S, Rack",unique
20047,n1/0 emt s/s rack const,Feeder with Constants,EMT Copper wire feeders,"S/S, Rack",unique
20053,n2/0 emt s/s rack const,Feeder with Constants,EMT Copper wire feeders,"S/S, Rack",unique
20059,n3/0 emt s/s rack const,Feeder with Constants,EMT Copper wire feeders,"S/S, Rack",unique
20065,n4/0 emt s/s rack const,Feeder with Constants,EMT Copper wire feeders,"S/S, Rack",unique
20071,n250 emt s/s rack const,Feeder with Constants,EMT Copper wire feeders,"S/S, Rack",unique
20077,n300 emt s/s rack const,Feeder with Constants,EMT Copper wire feeders,"S/S, Rack",unique
20083,n350 emt s/s rack const,Feeder with Constants,EMT Copper wire feeders,"S/S, Rack",unique
20089,n400 emt s/s rack const,Feeder with Constants,EMT Copper wire feeders,"S/S, Rack",unique
20095,n500 emt s/s rack const,Feeder with Constants,EMT Copper wire feeders,"S/S, Rack",unique
20101,n600 emt s/s rack const,Feeder with Constants,EMT Copper wire feeders,"S/S, Rack",unique
20107,n750 emt s/s rack const,Feeder with Constants,EMT Copper wire feeders,"S/S, Rack",unique
20115,emt s/s beam clamp const,Branch with Constants,EMT,S/S Beam Clamp,distance
20128,n14 emt s/s beam clamp cons,Branch with Constants,EMT,S/S Beam Clamp,unique
20137,n12 emt s/s beam clamp cons,Branch with Constants,EMT,S/S Beam Clamp,unique
20146,n10 emt s/s beam clamp cons,Branch with Constants,EMT,S/S Beam Clamp,unique
20155,n8 emt s/s beam clamp const,Branch with Constants,EMT,S/S Beam Clamp,unique
20162,n6 emt s/s beam clamp const,Branch with Constants,EMT,S/S Beam Clamp,unique
20168,n4 emt s/s beam clamp const,Branch with Constants,EMT,S/S Beam Clamp,unique
20173,n14 3/4 emt s/s beam clamp,Branch with Constants,EMT,S/S Beam Clamp,loose
20182,n12 3/4 emt s/s beam clamp,Branch with Constants,EMT,S/S Beam Clamp,loose
20192,n14 hr emt s/s beam clamp c,Branch with Constants,EMT Home Runs,S/S Beam Clamp,unique
20201,n12 hr emt s/s beam clamp c,Branch with Constants,EMT Home Runs,S/S Beam Clamp,unique
20210,n10 hr emt s/s beam clamp c,Branch with Constants,EMT Home Runs,S/S Beam Clamp,unique
20219,n8 hr emt s/s beam clamp co,Branch with Constants,EMT Home Runs,S/S Beam Clamp,unique
20226,n6 hr emt s/s beam clamp co,Branch with Constants,EMT Home Runs,S/S Beam Clamp,unique
20232,n4 hr emt s/s beam clamp co,Branch with Constants,EMT Home Runs,S/S Beam Clamp,unique
20237,n14 3/4 hr emt s/s beam cl,Branch with Constants,EMT Home Runs,S/S Beam Clamp,loose
20246,n12 3/4 hr emt s/s beam cl,Branch with Constants,EMT Home Runs,S/S Beam Clamp,loose
20258,n3 emt s/s beam clamp const,Feeder with Constants,EMT Copper wire feeders,"S/S, Beam Clamp",unique
20264,n2 emt s/s beam clamp const,Feeder with Constants,EMT Copper wire feeders,"S/S, Beam Clamp",unique
20270,n1 emt s/s beam clamp const,Feeder with Constants,EMT Copper wire feeders,"S/S, Beam Clamp",unique
20276,n1/0 emt s/s beam clamp con,Feeder with Constants,EMT Copper wire feeders,"S/S, Beam Clamp",unique
20282,n2/0 emt s/s beam clamp con,Feeder with Constants,EMT Copper wire feeders,"S/S, Beam Clamp",unique
20288,n3/0 emt s/s beam clamp con,Feeder with Constants,EMT Copper wire feeders,"S/S, Beam Clamp",unique
20294,n4/0 emt s/s beam clamp con,Feeder with Constants,EMT Copper wire feeders,"S/S, Beam Clamp",unique
20300,n250 emt s/s beam clamp con,Feeder with Constants,EMT Copper wire feeders,"S/S, Beam Clamp",unique
20306,n300 emt s/s beam clamp con,Feeder with Constants,EMT Copper wire feeders,"S/S, Beam Clamp",unique
20312,n350 emt s/s beam clamp con,Feeder with Constants,EMT Copper wire feeders,"S/S, Beam Clamp",unique
20318,n400 emt s/s beam clamp con,Feeder with Constants,EMT Copper wire feeders,"S/S, Beam Clamp",unique
20324,n500 emt s/s beam clamp con,Feeder with Constants,EMT Copper wire feeders,"S/S, Beam Clamp",unique
20330,n600 emt s/s beam clamp con,Feeder with Constants,EMT Copper wire feeders,"S/S, Beam Clamp",unique
20336,n750 emt s/s beam clamp con,Feeder with Constants,EMT Copper wire feeders,"S/S, Beam Clamp",unique
20347,emt s/c strap const,Branch with Constants,EMT,"S/C, Strap",distance
20361,n14 emt s/c strap const,Branch with Constants,EMT,"S/C, Strap",unique
20370,n12 emt s/c strap const,Branch with Constants,EMT,"S/C, Strap",unique
20379,n10 emt s/c strap const,Branch with Constants,EMT,"S/C, Strap",unique
20388,n8 emt s/c strap const,Branch with Constants,EMT,"S/C, Strap",unique
20395,n6 emt s/c strap const,Branch with Constants,EMT,"S/C, Strap",unique
20401,n4 emt s/c strap const,Branch with Constants,EMT,"S/C, Strap",unique
20406,n14 3/4 emt s/c strap cons,Branch with Constants,EMT,"S/C, Strap",loose
20415,n12 3/4 emt s/c strap cons,Branch with Constants,EMT,"S/C, Strap",loose
20425,n14 hr emt s/c strap const,Branch with Constants,EMT Home Runs,"S/C, Strap",unique
20434,n12 hr emt s/c strap const,Branch with Constants,EMT Home Runs,"S/C, Strap",unique
20443,n10 hr emt s/c strap const,Branch with Constants,EMT Home Runs,"S/C, Strap",unique
20452,n8 hr emt s/c strap const,Branch with Constants,EMT Home Runs,"S/C, Strap",unique
20459,n6 hr emt s/c strap const,Branch with Constants,EMT Home Runs,"S/C, Strap",unique
20465,n4 hr emt s/c strap const,Branch with Constants,EMT Home Runs,"S/C, Strap",unique
20470,n14 3/4 hr emt s/c strap c,Branch with Constants,EMT Home Runs,"S/C, Strap",distance
20479,n12 3/4 hr emt s/c strap c,Branch with Constants,EMT Home Runs,"S/C, Strap",distance
20490,n3 emt s/c strap const,Feeder with Constants,EMT Copper wire feeders,"S/C, Strap",unique
20496,n2 emt s/c strap const,Feeder with Constants,EMT Copper wire feeders,"S/C, Strap",unique
20502,n1 emt s/c strap const,Feeder with Constants,EMT Copper wire feeders,"S/C, Strap",unique
20508,n1/0 emt s/c strap const,Feeder with Constants,EMT Copper wire feeders,"S/C, Strap",unique
20514,n2/0 emt s/c strap const,Feeder with Constants,EMT Copper wire feeders,"S/C, Strap",unique
20520,n3/0 emt s/c strap const,Feeder with Constants,EMT Copper wire feeders,"S/C, Strap",unique
20526,n4/0 emt s/c strap const,Feeder with Constants,EMT Copper wire feeders,"S/C, Strap",unique
20532,n250 emt s/c strap const,Feeder with Constants,EMT Copper wire feeders,"S/C, Strap",unique
20538,n300 emt s/c strap const,Feeder with Constants,EMT Copper wire feeders,"S/C, Strap",unique
20544,n350 emt s/c strap const,Feeder with Constants,EMT Copper wire feeders,"S/C, Strap",unique
20550,n400 emt s/c strap const,Feeder with Constants,EMT Copper wire feeders,"S/C, Strap",unique
20556,n500 emt s/c strap const,Feeder with Constants,EMT Copper wire feeders,"S/C, Strap",unique
20562,n600 emt s/c strap const,Feeder with Constants,EMT Copper wire feeders,"S/C, Strap",unique
20568,n750 emt s/c strap const,Feeder with Constants,EMT Copper wire feeders,"S/C, Strap",unique
20575,emt s/c strap concrete cons,Feeder with Constants,EMT Copper wire feeders,"S/C, Strap Concrete",distance
20588,n14 emt s/c strap concrete,Branch,EMT,"S/C, Strap Concrete",unique
20597,n12 emt s/c strap concrete,Branch,EMT,"S/C, Strap Concrete",unique
20606,n10 emt s/c strap concrete,Branch,EMT,"S/C, Strap Concrete",unique
20615,n8 emt s/c strap concrete c,Branch with Constants,EMT,"S/C, Strap Concrete",unique
20622,n6 emt s/c strap concrete c,Branch with Constants,EMT,"S/C, Strap Concrete",unique
20628,n4 emt s/c strap concrete c,Branch with Constants,EMT,"S/C, Strap Concrete",unique
20633,n14 3/4emt s/c strap concr,Branch with Constants,EMT,"S/C, Strap Concrete",loose
20642,n12 3/4emt s/c strap concr,Branch with Constants,EMT,"S/C, Strap Concrete",loose
20652,n14 hr emt s/c strap concre,Branch with Constants,EMT Home Runs,"S/C, Strap Concrete",unique
20661,n12 hr emt s/c strap concre,Branch with Constants,EMT Home Runs,"S/C, Strap Concrete",unique
20670,n10 hr emt s/c strap concre,Branch with Constants,EMT Home Runs,"S/C, Strap Concrete",unique
20679,n8 hr emt s/c strap concret,Branch with Constants,EMT Home Runs,"S/C, Strap Concrete",unique
20686,n6 hr emt s/c strap concret,Branch with Constants,EMT Home Runs,"S/C, Strap Concrete",unique
20692,n4 hr hr emt s/c strap conc,Branch with Constants,EMT Home Runs,"S/C, Strap Concrete",unique
20697,n14 3/4 hr emt s/c strap c,Branch with Constants,EMT Home Runs,"S/C, Strap",distance
20706,n12 3/4 hr emt s/c strap c,Branch with Constants,EMT Home Runs,"S/C, Strap",distance
20717,n3 emt s/c strap concrete c,Feeder with Constants,EMT Copper wire feeders,"S/C, Strap Concrete",unique
20723,n2 emt s/c strap concrete c,Feeder with Constants,EMT Copper wire feeders,"S/C, Strap Concrete",unique
20729,n1 emt s/c strap concrete c,Feeder with Constants,EMT Copper wire feeders,"S/C, Strap Concrete",unique
20735,n1/0 emt s/c strap concrete,Feeder,EMT,"S/C, Strap Concrete",unique
20741,n2/0 emt s/c strap concrete,Feeder,EMT,"S/C, Strap Concrete",unique
20747,n3/0 emt s/c strap concrete,Feeder,EMT,"S/C, Strap Concrete",unique
20753,n4/0 emt s/c strap concrete,Feeder,EMT,"S/C, Strap Concrete",unique
20759,n250 emt s/c strap concrete,Feeder,EMT,"S/C, Strap Concrete",unique
20765,n300 emt s/c strap concrete,Feeder,EMT,"S/C, Strap Concrete",unique
20771,n350 emt s/c strap concrete,Feeder,EMT,"S/C, Strap Concrete",unique
20777,n400 emt s/c strap concrete,Feeder,EMT,"S/C, Strap Concrete",unique
20783,n500 emt s/c strap concrete,Feeder,EMT,"S/C, Strap Concrete",unique
20789,n600 emt s/c strap concrete,Feeder,EMT,"S/C, Strap Concrete",unique
20795,n750 emt s/c strap concrete,Feeder,EMT,"S/C, Strap Concrete",unique
20803,emt s/c rack const,Branch with Constants,EMT,"S/C, Rack",distance
20816,n14 emt s/c racks const,Branch with Constants,EMT,"S/C, Rack",unique
20825,n12 emt s/c racks const,Branch with Constants,EMT,"S/C, Rack",unique
20834,n10 emt s/c racks const,Branch with Constants,EMT,"S/C, Rack",unique
20843,n8 emt s/c racks const,Branch with Constants,EMT,"S/C, Rack",unique
20850,n6 emt s/c racks const,Branch with Constants,EMT,"S/C, Rack",unique
20856,n4 emt s/c racks const,Branch with Constants,EMT,"S/C, Rack",unique
20861,n14 3/4 emt s/c racks cons,Branch with Constants,EMT,"S/C, Rack",loose
20870,n12 3/4 emt s/c racks cons,Branch with Constants,EMT,"S/C, Rack",loose
20880,n14 hr emt s/c racks const,Branch with Constants,EMT Home Runs,"S/C, Rack",unique
20889,n12 hr emt s/c racks const,Branch with Constants,EMT Home Runs,"S/C, Rack",unique
20898,n10 hr emt s/c racks const,Branch with Constants,EMT Home Runs,"S/C, Rack",unique
20907,n8 hr emt s/c racks const,Branch with Constants,EMT Home Runs,"S/C, Rack",unique
20914,n6 hr emt s/c racks const,Branch with Constants,EMT Home Runs,"S/C, Rack",unique
20920,n4 hr emt s/c racks const,Branch with Constants,EMT Home Runs,"S/C, Rack",unique
20925,n14 3/4 hr emt s/c racks c,Branch with Constants,EMT Home Runs,"S/C, Rack",loose
20934,n12 3/4 hr emt s/c racks c,Branch with Constants,EMT Home Runs,"S/C, Rack",loose
20945,n3 emt s/c rack const,Feeder with Constants,EMT Copper wire feeders,"S/C, Rack",unique
20951,n2 emt s/c rack const,Feeder with Constants,EMT Copper wire feeders,"S/C, Rack",unique
20957,n1 emt s/c rack const,Feeder with Constants,EMT Copper wire feeders,"S/C, Rack",unique
20963,n1/0 emt s/c rack const,Feeder with Constants,EMT Copper wire feeders,"S/C, Rack",unique
20969,n2/0 emt s/c rack const,Feeder with Constants,EMT Copper wire feeders,"S/C, Rack",unique
20975,n3/0 emt s/c rack const,Feeder with Constants,EMT Copper wire feeders,"S/C, Rack",unique
20981,n4/0 emt s/c rack const,Feeder with Constants,EMT Copper wire feeders,"S/C, Rack",unique
20987,n250 emt s/c rack const,Feeder with Constants,EMT Copper wire feeders,"S/C, Rack",unique
20993,n300 emt s/c rack const,Feeder with Constants,EMT Copper wire feeders,"S/C, Rack",unique
20999,n350 emt s/c rack const,Feeder with Constants,EMT Copper wire feeders,"S/C, Rack",unique
21005,n400 emt s/c rack const,Feeder with Constants,EMT Copper wire feeders,"S/C, Rack",unique
21011,n500 emt s/c rack const,Feeder with Constants,EMT Copper wire feeders,"S/C, Rack",unique
21017,n600 emt s/c rack const,Feeder with Constants,EMT Copper wire feeders,"S/C, Rack",unique
21023,n750 emt s/c rack const,Feeder with Constants,EMT Copper wire feeders,"S/C, Rack",unique
21031,emt s/c beam clamp const,Branch with Constants,EMT,S/C Beam Clamp,distance
21044,n14 emt s/c beam clamp cons,Branch with Constants,EMT,S/C Beam Clamp,unique
21053,n12 emt s/c beam clamp cons,Branch with Constants,EMT,S/C Beam Clamp,unique
21062,n10 emt s/c beam clamp cons,Branch with Constants,EMT,S/C Beam Clamp,unique
21071,n8 emt s/c beam clamp const,Branch with Constants,EMT,S/C Beam Clamp,unique
21078,n6 emt s/c beam clamp const,Branch with Constants,EMT,S/C Beam Clamp,unique
21084,n4 emt s/c beam clamp const,Branch with Constants,EMT,S/C Beam Clamp,unique
21089,n14 3/4 emt s/c beam clamp,Branch with Constants,EMT,S/C Beam Clamp,loose
21098,n12 3/4 emt s/c beam clamp,Branch with Constants,EMT,S/C Beam Clamp,loose
21108,n14 hr emt s/c beam clamp c,Branch with Constants,EMT Home Runs,S/C Beam Clamp,unique
21117,n12 hr emt s/c beam clamp c,Branch with Constants,EMT Home Runs,S/C Beam Clamp,unique
21126,n10 hr emt s/c beam clamp c,Branch with Constants,EMT Home Runs,S/C Beam Clamp,unique
21135,n8 hr emt s/c beam clamp co,Branch with Constants,EMT Home Runs,S/C Beam Clamp,unique
21142,n6 hr emt s/c beam clamp co,Branch with Constants,EMT Home Runs,S/C Beam Clamp,unique
21148,n4 hr emt s/c beam clamp co,Branch with Constants,EMT Home Runs,S/C Beam Clamp,unique
21153,n14 3/4 hr emt s/c beam cl,Branch with Constants,EMT Home Runs,S/C Beam Clamp,loose
21162,n12 3/4 hr emt s/c beam cl,Branch with Constants,EMT Home Runs,S/C Beam Clamp,loose
21173,n3 emt s/c beam clamp const,Feeder with Constants,EMT Copper wire feeders,"S/C, Beam Clamp",unique
21179,n2 emt s/c beam clamp const,Feeder with Constants,EMT Copper wire feeders,"S/C, Beam Clamp",unique
21185,n1 emt s/c beam clamp const,Feeder with Constants,EMT Copper wire feeders,"S/C, Beam Clamp",unique
21191,n1/0 emt s/c beam clamp con,Feeder with Constants,EMT Copper wire feeders,"S/C, Beam Clamp",unique
21203,n3/0 emt s/c beam clamp con,Feeder with Constants,EMT Copper wire feeders,"S/C, Beam Clamp",unique
21209,n4/0 emt s/c beam clamp con,Feeder with Constants,EMT Copper wire feeders,"S/C, Beam Clamp",unique
21215,n250 emt s/c beam clamp con,Feeder with Constants,EMT Copper wire feeders,"S/C, Beam Clamp",unique
21221,n300 emt s/c beam clamp con,Feeder with Constants,EMT Copper wire feeders,"S/C, Beam Clamp",unique
21227,n350 emt s/c beam clamp con,Feeder with Constants,EMT Copper wire feeders,"S/C, Beam Clamp",unique
21233,n400 emt s/c beam clamp con,Feeder with Constants,EMT Copper wire feeders,"S/C, Beam Clamp",unique
21239,n500 emt s/c beam clamp con,Feeder with Constants,EMT Copper wire feeders,"S/C, Beam Clamp",unique
21245,n600 emt s/c beam clamp con,Feeder with Constants,EMT Copper wire feeders,"S/C, Beam Clamp",unique
21251,n750 emt s/c beam clamp con,Feeder with Constants,EMT Copper wire feeders,"S/C, Beam Clamp",unique
21262,1/2 pvc 40 const,Heavy Industrial,Conduit,PVC,unique
21263,branch 1/2 pvc 40 const,Branch with Constants,PVC 40,PVC 40 & Parts,distance
21279,3/4 pvc 40 const,Heavy Industrial,Conduit,PVC,unique
21280,branch 3/4 pvc 40 const,Branch with Constants,PVC 40,PVC 40 & Parts,distance
21296,1 pvc 40 const,Heavy Industrial,Conduit,PVC,unique
21297,branch 1 pvc 40 const,Branch with Constants,PVC 40,PVC 40 & Parts,distance
21316,1 1/4 pvc 40 const,Heavy Industrial,Conduit,PVC,unique
21317,feeder 1 1/4 pvc 40 const,Feeder with Constants,PVC 40 Copper wire feeders,PVC 40 & Parts,unique
21338,1 1/2 pvc 40 const,Heavy Industrial,Conduit,PVC,unique
21339,feeder 1 1/2 pvc 40 const,Feeder with Constants,PVC 40 Copper wire feeders,PVC 40 & Parts,unique
21360,2 pvc 40 const,Heavy Industrial,Conduit,PVC,unique
21361,feeder 2 pvc 40 const,Feeder with Constants,PVC 40 Copper wire feeders,PVC 40 & Parts,unique
21382,2 1/2 pvc 40 const,Heavy Industrial,Conduit,PVC,unique
21383,feeder 2 1/2 pvc 40 const,Feeder with Constants,PVC 40 Copper wire feeders,PVC 40 & Parts,unique
21404,3 pvc 40 const,Heavy Industrial,Conduit,PVC,unique
21405,feeder 3 pvc 40 const,Feeder with Constants,PVC 40 Copper wire feeders,PVC 40 & Parts,unique
21426,3 1/2 pvc 40 const,Heavy Industrial,Conduit,PVC,unique
21427,feeder 3 1/2 pvc 40 const,Feeder with Constants,PVC 40 Copper wire feeders,PVC 40 & Parts,unique
21448,4 pvc 40 const,Heavy Industrial,Conduit,PVC,unique
21449,feeder 4 pvc 40 const,Feeder with Constants,PVC 40 Copper wire feeders,PVC 40 & Parts,unique
21470,5 pvc 40 const,Heavy Industrial,Conduit,PVC,unique
21471,feeder 5 pvc 40 const,Feeder with Constants,PVC 40 Copper wire feeders,PVC 40 & Parts,unique
21491,6 pvc 40 const,Heavy Industrial,Conduit,PVC,unique
21492,feeder 6 pvc 40 const,Feeder with Constants,PVC 40 Copper wire feeders,PVC 40 & Parts,unique
21508,n14 pvc-40 strap const,Branch with Constants,PVC 40,PVC 40 Strap,unique
21517,n12 pvc-40 strap const,Branch with Constants,PVC 40,PVC 40 Strap,unique
21526,n10 pvc-40 strap const,Branch with Constants,PVC 40,PVC 40 Strap,unique
21535,n8 pvc-40 strap const,Branch with Constants,PVC 40,PVC 40 Strap,unique
21542,n6 pvc-40 strap const,Branch with Constants,PVC 40,PVC 40 Strap,unique
21548,n4 pvc-40 strap const,Branch with Constants,PVC 40,PVC 40 Strap,unique
21553,n14 3/4 pvc-40 strap const,Branch with Constants,PVC 40,PVC 40 Strap,loose
21562,n12 3/4 pvc-40 strap const,Branch with Constants,PVC 40,PVC 40 Strap,loose
21572,n14 hr pvc-40 strap const,Branch with Constants,PVC 40 Home Runs,PVC 40 Strap,unique
21581,n12 hr pvc-40 strap const,Branch with Constants,PVC 40 Home Runs,PVC 40 Strap,unique
21590,n10 hr pvc-40 strap const,Branch with Constants,PVC 40 Home Runs,PVC 40 Strap,unique
21599,n8 hr pvc-40 strap const,Branch with Constants,PVC 40 Home Runs,PVC 40 Strap,unique
21606,n6 hr pvc-40 strap const,Branch with Constants,PVC 40 Home Runs,PVC 40 Strap,unique
21612,n4 hr pvc-40 strap const,Branch with Constants,PVC 40 Home Runs,PVC 40 Strap,unique
21617,n14 3/4 hr pvc-40 strap co,Branch with Constants,PVC 40 Home Runs,PVC 40 Strap,distance
21626,n12 3/4 hr pvc-40 strap co,Branch with Constants,PVC 40 Home Runs,PVC 40 Strap,distance
21637,n3 pvc strap const,Feeder with Constants,PVC 40 Copper wire feeders,"PVC 40, Strap",unique
21643,n2 pvc strap const,Feeder with Constants,PVC 40 Copper wire feeders,"PVC 40, Strap",unique
21649,n1 pvc strap const,Feeder with Constants,PVC 40 Copper wire feeders,"PVC 40, Strap",unique
21655,n1/0 pvc strap const,Feeder with Constants,PVC 40 Copper wire feeders,"PVC 40, Strap",unique
21661,n2/0 pvc strap const,Feeder with Constants,PVC 40 Copper wire feeders,"PVC 40, Strap",unique
21667,n3/0 pvc strap const,Feeder with Constants,PVC 40 Copper wire feeders,"PVC 40, Strap",unique
21673,n4/0 pvc strap const,Feeder with Constants,PVC 40 Copper wire feeders,"PVC 40, Strap",unique
21679,n250 pvc strap const,Feeder with Constants,PVC 40 Copper wire feeders,"PVC 40, Strap",unique
21685,n300 pvc strap const,Feeder with Constants,PVC 40 Copper wire feeders,"PVC 40, Strap",unique
21691,n350 pvc strap const,Feeder with Constants,PVC 40 Copper wire feeders,"PVC 40, Strap",unique
21697,n400 pvc strap const,Feeder with Constants,PVC 40 Copper wire feeders,"PVC 40, Strap",unique
21703,n500 pvc  strap const,Feeder with Constants,PVC 40 Copper wire feeders,"PVC 40, Strap",unique
21709,n600 pvc  strap const,Feeder with Constants,PVC 40 Copper wire feeders,"PVC 40, Strap",unique
21715,n750 pvc  strap const,Feeder with Constants,PVC 40 Copper wire feeders,"PVC 40, Strap",unique
21725,n14 pvc-40 strap concrete c,Branch with Constants,PVC 40,PVC 40 Strap Conc.,unique
21734,n12 pvc-40 strap concrete c,Branch with Constants,PVC 40,PVC 40 Strap Conc.,unique
21743,n10 pvc-40 strap  concrete,Branch,PVC 40,PVC 40 Strap Conc.,unique
21752,n8 pvc-40 strap concrete co,Branch with Constants,PVC 40,PVC 40 Strap Conc.,unique
21759,n6 pvc-40 strap concrete co,Branch with Constants,PVC 40,PVC 40 Strap Conc.,unique
21765,n4 pvc-40 strap concrete co,Branch with Constants,PVC 40,PVC 40 Strap Conc.,unique
21770,n14 3/4 pvc-40 strap concr,Branch with Constants,PVC 40,PVC 40 Strap Conc.,loose
21779,n12 3/4 pvc-40 strap concr,Branch with Constants,PVC 40,PVC 40 Strap Conc.,loose
21789,n14 hr pvc-40 strap conc co,Branch with Constants,PVC 40 Home Runs,PVC 40 Strap Conc.,unique
21798,n12 hr pvc-40 strap conc co,Branch with Constants,PVC 40 Home Runs,PVC 40 Strap Conc.,unique
21807,n10 hr pvc-40 strap conc co,Branch with Constants,PVC 40 Home Runs,PVC 40 Strap Conc.,unique
21816,n8 hr pvc-40 strap conc con,Branch with Constants,PVC 40 Home Runs,PVC 40 Strap Conc.,unique
21823,n6 hr pvc-40 strap concrete,Branch with Constants,PVC 40 Home Runs,PVC 40 Strap Conc.,unique
21829,n4 hr pvc-40 strap conc con,Branch with Constants,PVC 40 Home Runs,PVC 40 Strap Conc.,unique
21834,n14 3/4 hr pvc-40 strap co,Branch with Constants,PVC 40 Home Runs,PVC 40 Strap,distance
21843,n12 3/4 hr pvc-40 strap co,Branch with Constants,PVC 40 Home Runs,PVC 40 Strap,distance
21853,n3 pvc strap conc const,Feeder with Constants,PVC 40 Copper wire feeders,"PVC 40, Strap Concrete",unique
21859,n2 pvc strap conc const,Feeder with Constants,PVC 40 Copper wire feeders,"PVC 40, Strap Concrete",unique
21865,n1 pvc strap conc const,Feeder with Constants,PVC 40 Copper wire feeders,"PVC 40, Strap Concrete",unique
21871,n1/0 pvc strap conc const,Feeder with Constants,PVC 40 Copper wire feeders,"PVC 40, Strap Concrete",unique
21877,n2/0 pvc strap conc const,Feeder with Constants,PVC 40 Copper wire feeders,"PVC 40, Strap Concrete",unique
21883,n3/0 pvc strap conc const,Feeder with Constants,PVC 40 Copper wire feeders,"PVC 40, Strap Concrete",unique
21889,n4/0 pvc strap conc const,Feeder with Constants,PVC 40 Copper wire feeders,"PVC 40, Strap Concrete",unique
21895,n250 pvc strap conc const,Feeder with Constants,PVC 40 Copper wire feeders,"PVC 40, Strap Concrete",unique
21901,n300 pvc strap conc const,Feeder with Constants,PVC 40 Copper wire feeders,"PVC 40, Strap Concrete",unique
21907,n350 pvc strap conc const,Feeder with Constants,PVC 40 Copper wire feeders,"PVC 40, Strap Concrete",unique
21913,n400 pvc strap conc const,Feeder with Constants,PVC 40 Copper wire feeders,"PVC 40, Strap Concrete",unique
21919,n500 pvc  strap conc const,Feeder with Constants,PVC 40 Copper wire feeders,"PVC 40, Strap Concrete",unique
21925,n600 pvc strap conc const,Feeder with Constants,PVC 40 Copper wire feeders,"PVC 40, Strap Concrete",unique
21931,n750 pvc  strap conc const,Feeder with Constants,PVC 40 Copper wire feeders,"PVC 40, Strap Concrete",unique
21943,n14 pvc-40 underground cons,Branch with Constants,PVC 40,PVC 40 Underground,unique
21952,n12 pvc-40 underground cons,Branch with Constants,PVC 40,PVC 40 Underground,unique
21961,n10 pvc-40 underground cons,Branch with Constants,PVC 40,PVC 40 Underground,unique
21970,n8 pvc-40 underground const,Branch with Constants,PVC 40,PVC 40 Underground,unique
21977,n6 pvc-40 underground const,Branch with Constants,PVC 40,PVC 40 Underground,unique
21983,n4 pvc-40 underground const,Branch with Constants,PVC 40,PVC 40 Underground,unique
22009,n14 pvc-40 hr underground c,Branch with Constants,PVC 40 Home Runs,PVC 40 Underground,unique
22018,n12 pvc-40 hr underground c,Branch with Constants,PVC 40 Home Runs,PVC 40 Underground,unique
22027,n10 pvc-40 hr underground c,Branch with Constants,PVC 40 Home Runs,PVC 40 Underground,unique
22036,n8 pvc-40 hr underground co,Branch with Constants,PVC 40 Home Runs,PVC 40 Underground,unique
22043,n6 pvc-40 hr underground co,Branch with Constants,PVC 40 Home Runs,PVC 40 Underground,unique
22049,n4 pvc-40 hr underground co,Branch with Constants,PVC 40 Home Runs,PVC 40 Underground,unique
22054,n14 3/4 pvc-40 hr undergro,Branch with Constants,PVC 40 Home Runs,PVC 40 Underground,loose
22063,n12 3/4 pvc-40 hr undergro,Branch with Constants,PVC 40 Home Runs,PVC 40 Underground,loose
22075,n3 pvc underground const,Feeder with Constants,PVC 40 Copper wire feeders,"PVC 40, Underground",unique
22081,n2 pvc underground const,Feeder with Constants,PVC 40 Copper wire feeders,"PVC 40, Underground",unique
22087,n1 pvc undergroud const,Feeder with Constants,PVC 40 Copper wire feeders,"PVC 40, Underground",unique
22093,n1/0 pvc underground const,Feeder with Constants,PVC 40 Copper wire feeders,"PVC 40, Underground",unique
22099,n2/0 pvc underground const,Feeder with Constants,PVC 40 Copper wire feeders,"PVC 40, Underground",unique
22105,n3/0 pvc underground const,Feeder with Constants,PVC 40 Copper wire feeders,"PVC 40, Underground",unique
22111,n4/0 pvc underground const,Feeder with Constants,PVC 40 Copper wire feeders,"PVC 40, Underground",unique
22117,n250 pvc underground const,Feeder with Constants,PVC 40 Copper wire feeders,"PVC 40, Underground",unique
22123,n300 pvc underground const,Feeder with Constants,PVC 40 Copper wire feeders,"PVC 40, Underground",unique
22129,n350 pvc underground const,Feeder with Constants,PVC 40 Copper wire feeders,"PVC 40, Underground",unique
22135,n400 pvc underground const,Feeder with Constants,PVC 40 Copper wire feeders,"PVC 40, Underground",unique
22141,n500 pvc underground const,Feeder with Constants,PVC 40 Copper wire feeders,"PVC 40, Underground",unique
22147,n600 pvc  underground const,Feeder with Constants,PVC 40 Copper wire feeders,"PVC 40, Underground",unique
22153,n750 pvc  underground const,Feeder with Constants,PVC 40 Copper wire feeders,"PVC 40, Underground",unique
22165,n14 pvc-40 beam clamp const,Branch with Constants,PVC 40,PVC 40 Beam Clamp,unique
22174,n12 pvc-40 beam clamp const,Branch with Constants,PVC 40,PVC 40 Beam Clamp,unique
22183,n10 pvc-40 beam clamp const,Branch with Constants,PVC 40,PVC 40 Beam Clamp,unique
22192,n8 pvc-40 beam clamp const,Branch with Constants,PVC 40,PVC 40 Beam Clamp,unique
22199,n6 pvc-40 beam clamp const,Branch with Constants,PVC 40,PVC 40 Beam Clamp,unique
22205,n4 pvc-40 beam clamp const,Branch with Constants,PVC 40,PVC 40 Beam Clamp,unique
22210,n14 3/4 pvc-40 beam clamp,Branch with Constants,PVC 40,PVC 40 Beam Clamp,loose
22219,n12 3/4 pvc-40 beam clamp,Branch with Constants,PVC 40,PVC 40 Beam Clamp,loose
22231,n14 pvc-40 hr beam clamp co,Branch with Constants,PVC 40 Home Runs,PVC 40 Beam Clamp,unique
22240,n12 pvc-40 hr beam clamp co,Branch with Constants,PVC 40 Home Runs,PVC 40 Beam Clamp,unique
22249,n10 pvc-40 hr beam clamp co,Branch with Constants,PVC 40 Home Runs,PVC 40 Beam Clamp,unique
22258,n8 pvc-40 hr beam clamp con,Branch with Constants,PVC 40 Home Runs,PVC 40 Beam Clamp,unique
22265,n6 pvc-40 hr beam clamp con,Branch with Constants,PVC 40 Home Runs,PVC 40 Beam Clamp,unique
22271,n4 pvc-40 hr beam clamp con,Branch with Constants,PVC 40 Home Runs,PVC 40 Beam Clamp,unique
22276,n14 3/4 hr beam clamp cons,Branch with Constants,PVC 40 Home Runs,PVC 40 Beam Clamp,loose
22285,n12 3/4 hr beam clamp cons,Branch with Constants,PVC 40 Home Runs,PVC 40 Beam Clamp,loose
22296,n3 pvc beam clamp const,Feeder with Constants,PVC 40 Copper wire feeders,"PVC 40, Beam Clamp",unique
22302,n2 pvc beam clamp const,Feeder with Constants,PVC 40 Copper wire feeders,"PVC 40, Beam Clamp",unique
22308,n1 pvc beam clamp const,Feeder with Constants,PVC 40 Copper wire feeders,"PVC 40, Beam Clamp",unique
22314,n1/0 pvc beam clamp const,Feeder with Constants,PVC 40 Copper wire feeders,"PVC 40, Beam Clamp",unique
22320,n2/0 pvc beam clamp const,Feeder with Constants,PVC 40 Copper wire feeders,"PVC 40, Beam Clamp",unique
22326,n3/0 pvc beam clamp const,Feeder with Constants,PVC 40 Copper wire feeders,"PVC 40, Beam Clamp",unique
22332,n4/0 pvc beam clamp const,Feeder with Constants,PVC 40 Copper wire feeders,"PVC 40, Beam Clamp",unique
22338,n250 pvc beam clamp const,Feeder with Constants,PVC 40 Copper wire feeders,"PVC 40, Beam Clamp",unique
22344,n300 pvc beam clamp const,Feeder with Constants,PVC 40 Copper wire feeders,"PVC 40, Beam Clamp",unique
22350,n350 pvc beam clamp const,Feeder with Constants,PVC 40 Copper wire feeders,"PVC 40, Beam Clamp",unique
22356,n400 pvc beam clamp const,Feeder with Constants,PVC 40 Copper wire feeders,"PVC 40, Beam Clamp",unique
22362,n500 pvc  beam clamp const,Feeder with Constants,PVC 40 Copper wire feeders,"PVC 40, Beam Clamp",unique
22368,n600 pvc  beam clamp const,Feeder with Constants,PVC 40 Copper wire feeders,"PVC 40, Beam Clamp",unique
22374,n750 pvc  beam clamp const,Feeder with Constants,PVC 40 Copper wire feeders,"PVC 40, Beam Clamp",unique
22387,imc 1/2 branch const,Branch with Constants,IMC,IMC Branch Parts,distance
22408,imc 3/4 branch const,Branch with Constants,IMC,IMC Branch Parts,distance
22429,imc 1 branch const,Branch with Constants,IMC,IMC Branch Parts,distance
22454,imc 1 1/4 feeder const,Feeder with Constants,IMC,IMC Feeder Parts,unique
22483,imc 1 1/2 feeder const,Feeder with Constants,IMC,IMC Feeder Parts,unique
22512,imc 2 feeder const,Feeder with Constants,IMC,IMC Feeder Parts,unique
22541,imc 2 1/2 feeder const,Feeder with Constants,IMC,IMC Feeder Parts,unique
22569,imc 3 feeder const,Feeder with Constants,IMC,IMC Feeder Parts,unique
22597,imc 3 1/2 feeder const,Feeder with Constants,IMC,IMC Feeder Parts,unique
22625,imc 4 feeder const,Feeder with Constants,IMC,IMC Feeder Parts,unique
22657,n14 imc strap concrete cons,Branch with Constants,IMC,IMC Branch Concrete,unique
22666,n12 imc strap concrete cons,Branch with Constants,IMC,IMC Branch Concrete,unique
22675,n10 imc strap concrete cons,Branch with Constants,IMC,IMC Branch Concrete,unique
22684,n8 imc strap concrete const,Branch with Constants,IMC,IMC Branch Concrete,unique
22691,n6 imc strap concrete const,Branch with Constants,IMC,IMC Branch Concrete,unique
22697,n4 imc strap concrete const,Branch with Constants,IMC,IMC Branch Concrete,unique
22702,n14 3/4 imc strap concrete,Branch with Constants,IMC,IMC Branch Concrete,loose
22711,n12 3/4 imc strap concrete,Branch with Constants,IMC,IMC Branch Concrete,loose
22723,n14 imc hr strap concrete c,Branch with Constants,IMC Home Runs,IMC Branch Concrete,unique
22732,n12 imc hr strap concrete c,Branch with Constants,IMC Home Runs,IMC Branch Concrete,unique
22741,n10 imc hr strap concrete c,Branch with Constants,IMC Home Runs,IMC Branch Concrete,unique
22750,n8 imc hr strap concrete co,Branch with Constants,IMC Home Runs,IMC Branch Concrete,unique
22757,n6 imc hr strap concrete co,Branch with Constants,IMC Home Runs,IMC Branch Concrete,unique
22763,n4 imc hr strap concrete co,Branch with Constants,IMC Home Runs,IMC Branch Concrete,unique
22768,n14 3/4 imc hr strap concr,Branch with Constants,IMC Home Runs,IMC Branch Concrete,loose
22777,n12 3/4 imc hr strap concr,Branch with Constants,IMC Home Runs,IMC Branch Concrete,loose
22788,n3 imc strap conc const,Feeder with Constants,IMC,IMC Strap Concrete,unique
22794,n2 imc strap conc  const,Feeder with Constants,IMC,IMC Strap Concrete,unique
22800,n1 imc strap conc const,Feeder with Constants,IMC,IMC Strap Concrete,unique
22806,n1/0 imc strap conc const,Feeder with Constants,IMC,IMC Strap Concrete,unique
22812,n2/0 imc strap conc const,Feeder with Constants,IMC,IMC Strap Concrete,unique
22818,n3/0 imc strap conc const,Feeder with Constants,IMC,IMC Strap Concrete,unique
22824,n4/0 imc strap conc const,Feeder with Constants,IMC,IMC Strap Concrete,unique
22830,n250 imc strap conc const,Feeder with Constants,IMC,IMC Strap Concrete,unique
22836,n300 imc strap conc const,Feeder with Constants,IMC,IMC Strap Concrete,unique
22842,n350 imc strap conc const,Feeder with Constants,IMC,IMC Strap Concrete,unique
22848,n400 imc strap conc const,Feeder with Constants,IMC,IMC Strap Concrete,unique
22854,n500 imc strap conc const,Feeder with Constants,IMC,IMC Strap Concrete,unique
22860,n600 imc strap conc const,Feeder with Constants,IMC,IMC Strap Concrete,unique
22866,n750 imc  strap conc const,Feeder with Constants,IMC,IMC Strap Concrete,unique
22877,n14 imc racks const,Branch with Constants,IMC,IMC Branch Racks,unique
22886,n12 imc racks const,Branch with Constants,IMC,IMC Branch Racks,unique
22895,n10 imc racks const,Branch with Constants,IMC,IMC Branch Racks,unique
22904,n8 imc racks const,Branch with Constants,IMC,IMC Branch Racks,unique
22911,n6 imc racks const,Branch with Constants,IMC,IMC Branch Racks,unique
22917,n4 imc racks const,Branch with Constants,IMC,IMC Branch Racks,unique
22922,n14 3/4 imc racks const,Branch with Constants,IMC,IMC Branch Racks,loose
22931,n12 3/4 imc racks const,Branch with Constants,IMC,IMC Branch Racks,loose
22943,n14 imc hr racks const,Branch with Constants,IMC Home Runs,IMC Branch Racks,unique
22952,n12 imc hr racks const,Branch with Constants,IMC Home Runs,IMC Branch Racks,unique
22961,n10 imc hr racks constracks,Branch with Constants,IMC Home Runs,IMC Branch Racks,unique
22970,n8 imc hr racks constracks,Branch with Constants,IMC Home Runs,IMC Branch Racks,unique
22977,n6 imc hr racks constracks,Branch with Constants,IMC Home Runs,IMC Branch Racks,unique
22983,n4 imc hr racks const,Branch with Constants,IMC Home Runs,IMC Branch Racks,unique
22988,n14 3/4 imc hr racks const,Branch with Constants,IMC Home Runs,IMC Branch Racks,loose
22997,n12 3/4 imc hr racks const,Branch with Constants,IMC Home Runs,IMC Branch Racks,loose
23008,n3 imc rack const,Feeder with Constants,IMC,IMC Rack,unique
23014,n2 imc rack const,Feeder with Constants,IMC,IMC Rack,unique
23020,n1 imc rack const,Feeder with Constants,IMC,IMC Rack,unique
23026,n1/0 imc rack const,Feeder with Constants,IMC,IMC Rack,unique
23032,n2/0 imc rack const,Feeder with Constants,IMC,IMC Rack,unique
23038,n3/0 imc rack const,Feeder with Constants,IMC,IMC Rack,unique
23044,n4/0 imc rack const,Feeder with Constants,IMC,IMC Rack,unique
23050,n250 imc rack const,Feeder with Constants,IMC,IMC Rack,unique
23056,n300 imc rack const,Feeder with Constants,IMC,IMC Rack,unique
23062,n350 imc rack const,Feeder with Constants,IMC,IMC Rack,unique
23068,n400 imc rack const,Feeder with Constants,IMC,IMC Rack,unique
23074,n500 imc  rack const,Feeder with Constants,IMC,IMC Rack,unique
23080,n600 imc rack const,Feeder with Constants,IMC,IMC Rack,unique
23086,n750 imc  rack const,Feeder with Constants,IMC,IMC Rack,unique
23097,n14 imc underground const,Branch with Constants,IMC,IMC Branch Underground,unique
23106,n12 imc underground const,Branch with Constants,IMC,IMC Branch Underground,unique
23115,n10 imc underground const,Branch with Constants,IMC,IMC Branch Underground,unique
23124,n8 imc underground const,Branch with Constants,IMC,IMC Branch Underground,unique
23131,n6 imc underground const,Branch with Constants,IMC,IMC Branch Underground,unique
23137,n4 imc underground const,Branch with Constants,IMC,IMC Branch Underground,unique
23142,n14 3/4 imc underground co,Branch with Constants,IMC,IMC Branch Underground,loose
23151,n12 3/4 imc underground co,Branch with Constants,IMC,IMC Branch Underground,loose
23163,n14 imc hr underground cons,Branch with Constants,IMC Home Runs,IMC Branch Underground,unique
23172,n12 imc hr underground cons,Branch with Constants,IMC Home Runs,IMC Branch Underground,unique
23181,n10 imc hr underground cons,Branch with Constants,IMC Home Runs,IMC Branch Underground,unique
23190,n8 imc hr underground const,Branch with Constants,IMC Home Runs,IMC Branch Underground,unique
23197,n6 imc hr underground const,Branch with Constants,IMC Home Runs,IMC Branch Underground,unique
23203,n4 imc hr underground const,Branch with Constants,IMC Home Runs,IMC Branch Underground,unique
23208,n14 3/4 imc hr underground,Branch with Constants,IMC Home Runs,IMC Branch Underground,loose
23217,n12 3/4 imc hr underground,Branch with Constants,IMC Home Runs,IMC Branch Underground,loose
23228,n3 imc underground const,Feeder with Constants,IMC,IMC Underground,unique
23234,n2 imc underground const,Feeder with Constants,IMC,IMC Underground,unique
23240,n1 imc underground const,Feeder with Constants,IMC,IMC Underground,unique
23246,n1/0 imc underground const,Feeder with Constants,IMC,IMC Underground,unique
23252,n2/0 imc underground const,Feeder with Constants,IMC,IMC Underground,unique
23258,n3/0 imc underground const,Feeder with Constants,IMC,IMC Underground,unique
23264,n4/0 imc underground const,Feeder with Constants,IMC,IMC Underground,unique
23270,n250 imc underground const,Feeder with Constants,IMC,IMC Underground,unique
23276,n300 imc underground const,Feeder with Constants,IMC,IMC Underground,unique
23282,n350 imc underground const,Feeder with Constants,IMC,IMC Underground,unique
23288,n400 imc underground const,Feeder with Constants,IMC,IMC Underground,unique
23294,n500 imc  underground const,Feeder with Constants,IMC,IMC Underground,unique
23300,n600 imc underground const,Feeder with Constants,IMC,IMC Underground,unique
23306,n750 imc  underground const,Feeder with Constants,IMC,IMC Underground,unique
23317,n14 imc beam clamp const,Branch with Constants,IMC,IMC Beam Clamp,unique
23326,n12 imc beam clamp const,Branch with Constants,IMC,IMC Beam Clamp,unique
23335,n10 imc beam clamp const,Branch with Constants,IMC,IMC Beam Clamp,unique
23344,n8 imc beam clamp const,Branch with Constants,IMC,IMC Beam Clamp,unique
23351,n6 imc beam clamp const,Branch with Constants,IMC,IMC Beam Clamp,unique
23357,n4 imc beam clamp const,Branch with Constants,IMC,IMC Beam Clamp,unique
23362,n14 3/4 imc beam clamp con,Branch with Constants,IMC,IMC Beam Clamp,loose
23371,n12 3/4 imc beam clamp con,Branch with Constants,IMC,IMC Beam Clamp,loose
23383,n14 imc hr beam clamp const,Branch with Constants,IMC Home Runs,IMC Beam Clamp,unique
23392,n12 imc hr beam clamp const,Branch with Constants,IMC Home Runs,IMC Beam Clamp,unique
23401,n10 imc hr beam clamp const,Branch with Constants,IMC Home Runs,IMC Beam Clamp,unique
23410,n8 imc hr beam clamp const,Branch with Constants,IMC Home Runs,IMC Beam Clamp,unique
23417,n6 imc hr beam clamp const,Branch with Constants,IMC Home Runs,IMC Beam Clamp,unique
23423,n4 imc hr beam clamp const,Branch with Constants,IMC Home Runs,IMC Beam Clamp,unique
23428,n14 3/4 imc hr beam clamp,Branch with Constants,IMC Home Runs,IMC Beam Clamp,loose
23437,n12 3/4 imc hr beam clamp,Branch with Constants,IMC Home Runs,IMC Beam Clamp,loose
23447,n3 imc beam clamp const,Feeder with Constants,IMC,IMC Beam Clamp,unique
23453,n2 imc beam clamp const,Feeder with Constants,IMC,IMC Beam Clamp,unique
23459,n1 iimc beam clamp const,Feeder with Constants,IMC,IMC Beam Clamp,unique
23465,n1/0 imc beam clamp const,Feeder with Constants,IMC,IMC Beam Clamp,unique
23471,n2/0 imc beam clamp const,Feeder with Constants,IMC,IMC Beam Clamp,unique
23477,n3/0 imc beam clamp const,Feeder with Constants,IMC,IMC Beam Clamp,unique
23483,n4/0 imc beam clamp const,Feeder with Constants,IMC,IMC Beam Clamp,unique
23489,n250 imc beam clamp const,Feeder with Constants,IMC,IMC Beam Clamp,unique
23495,n300 imc beam clamp const,Feeder with Constants,IMC,IMC Beam Clamp,unique
23501,n350 imc beam clamp const,Feeder with Constants,IMC,IMC Beam Clamp,unique
23507,n400 imc beam clamp const,Feeder with Constants,IMC,IMC Beam Clamp,unique
23513,n500 imc  beam clamp const,Feeder with Constants,IMC,IMC Beam Clamp,unique
23519,n600 imc beam clamp const,Feeder with Constants,IMC,IMC Beam Clamp,unique
23525,n750 imc  beam clamp const,Feeder with Constants,IMC,IMC Beam Clamp,unique
23535,grc 1/2 const,Branch with Constants,GRC,GRC Branch Parts,distance
23557,grc 3/4 const,Branch with Constants,GRC,GRC Branch Parts,distance
23579,grc 1 const,Branch with Constants,GRC,GRC Branch Parts,distance
23603,grc 1 1/4 const,Feeder with Constants,GRC Copper wire feeders,GRC Feeder Parts,distance
23638,grc 1 1/2 const,Feeder with Constants,GRC Copper wire feeders,GRC Feeder Parts,distance
23673,grc 2 const,Feeder with Constants,GRC Copper wire feeders,GRC Feeder Parts,distance
23708,grc 2 1/2 const,Feeder with Constants,GRC Copper wire feeders,GRC Feeder Parts,distance
23742,grc 3 const,Feeder with Constants,GRC Copper wire feeders,GRC Feeder Parts,distance
23776,grc 3 1/2 const,Feeder with Constants,GRC Copper wire feeders,GRC Feeder Parts,distance
23811,grc 4 const,Feeder with Constants,GRC Copper wire feeders,GRC Feeder Parts,distance
23845,grc 5 const,Feeder with Constants,GRC Copper wire feeders,GRC Feeder Parts,distance
23873,grc 6 const,Feeder with Constants,GRC Copper wire feeders,GRC Feeder Parts,distance
23897,n14 grc strap const,Branch with Constants,GRC,GRC Strap Constants,unique
23906,n12 grc strap const,Branch with Constants,GRC,GRC Strap Constants,unique
23915,n10 grc strap const,Branch with Constants,GRC,GRC Strap Constants,unique
23924,n8 grc strap const,Branch with Constants,GRC,GRC Strap Constants,unique
23931,n6 grc strap const,Branch with Constants,GRC,GRC Strap Constants,unique
23937,n4 grc strap const,Branch with Constants,GRC,GRC Strap Constants,unique
23942,n14 3/4 grc strap const,Branch with Constants,GRC,GRC Strap Constants,loose
23951,n12 3/4 grc strap const,Branch with Constants,GRC,GRC Strap Constants,loose
23963,n14 grc hr strap const,Branch with Constants,GRC Home Runs,GRC Strap Constants,unique
23972,n12 grc hr strap const,Branch with Constants,GRC Home Runs,GRC Strap Constants,unique
23981,n10 grc hr strap const,Branch with Constants,GRC Home Runs,GRC Strap Constants,unique
23990,n8 grc hr strap const,Branch with Constants,GRC Home Runs,GRC Strap Constants,unique
23997,n6 grc hr strap const,Branch with Constants,GRC Home Runs,GRC Strap Constants,unique
24003,n4 grc hr strap const,Branch with Constants,GRC Home Runs,GRC Strap Constants,unique
24008,n14 3/4 grc hr strap const,Branch with Constants,GRC Home Runs,GRC Strap Constants,loose
24017,n12 3/4 grc hr strap const,Branch with Constants,GRC Home Runs,GRC Strap Constants,loose
24030,n3 grc strap const,Feeder with Constants,GRC Copper wire feeders,GRC Strap Constants,unique
24036,n2 grc strap const,Feeder with Constants,GRC Copper wire feeders,GRC Strap Constants,unique
24042,n1 grc strap const,Feeder with Constants,GRC Copper wire feeders,GRC Strap Constants,unique
24048,n1/0 grc strap const,Feeder with Constants,GRC Copper wire feeders,GRC Strap Constants,unique
24054,n2/0 grc strap const,Feeder with Constants,GRC Copper wire feeders,GRC Strap Constants,unique
24060,n3/0 grc strap const,Feeder with Constants,GRC Copper wire feeders,GRC Strap Constants,unique
24066,n4/0 grc strap const,Feeder with Constants,GRC Copper wire feeders,GRC Strap Constants,unique
24072,n250 grc strap const,Feeder with Constants,GRC Copper wire feeders,GRC Strap Constants,unique
24078,n300 grc  strap const,Feeder with Constants,GRC Copper wire feeders,GRC Strap Constants,unique
24084,n350 grc strap const,Feeder with Constants,GRC Copper wire feeders,GRC Strap Constants,unique
24090,n400 grc strap  const,Feeder with Constants,GRC Copper wire feeders,GRC Strap Constants,unique
24096,n500 grc  strap const,Feeder with Constants,GRC Copper wire feeders,GRC Strap Constants,unique
24108,n750 grc  strap const,Feeder with Constants,GRC Copper wire feeders,GRC Strap Constants,unique
24119,n14 grc strap concrete cons,Branch with Constants,GRC,GRC Strap Concrete,unique
24128,n12 grc strap concrete cons,Branch with Constants,GRC,GRC Strap Concrete,unique
24137,n10 grc strap concrete cons,Branch with Constants,GRC,GRC Strap Concrete,unique
24146,n8 grc strap concrete const,Branch with Constants,GRC,GRC Strap Concrete,unique
24153,n6 grc strap concrete const,Branch with Constants,GRC,GRC Strap Concrete,unique
24159,n4 grc strap concrete const,Branch with Constants,GRC,GRC Strap Concrete,unique
24164,n14 3/4 grc strap concrete,Branch with Constants,GRC,GRC Strap Concrete,distance
24173,n12 3/4 grc strap concrete,Branch with Constants,GRC,GRC Strap Concrete,distance
24185,n14 grc hr strap concrete c,Branch with Constants,GRC Home Runs,GRC Strap Concrete,unique
24194,n12 grc hr strap concrete c,Branch with Constants,GRC Home Runs,GRC Strap Concrete,unique
24203,n10 grc hr strap concrete c,Branch with Constants,GRC Home Runs,GRC Strap Concrete,unique
24212,n8 grc hr strap concrete co,Branch with Constants,GRC Home Runs,GRC Strap Concrete,unique
24219,n6 grc hr strap concrete co,Branch with Constants,GRC Home Runs,GRC Strap Concrete,unique
24225,n4 grc hr strap concrete co,Branch with Constants,GRC Home Runs,GRC Strap Concrete,unique
24230,n14 3/4 grc hr strap concr,Branch with Constants,GRC Home Runs,GRC Strap Concrete,loose
24239,n12 3/4 grc hr strap concr,Branch with Constants,GRC Home Runs,GRC Strap Concrete,loose
24250,n3 grc strap concrete const,Feeder with Constants,GRC Copper wire feeders,GRC Strap Concrete,unique
24256,n2 grc strap conc const,Feeder with Constants,GRC Copper wire feeders,GRC Strap Concrete,unique
24262,n1 grc strap conc const,Feeder with Constants,GRC Copper wire feeders,GRC Strap Concrete,unique
24268,n1/0 grc strap conc const,Feeder with Constants,GRC Copper wire feeders,GRC Strap Concrete,unique
24274,n2/0 grc strap conc const,Feeder with Constants,GRC Copper wire feeders,GRC Strap Concrete,unique
24280,n3/0 grc strap conc const,Feeder with Constants,GRC Copper wire feeders,GRC Strap Concrete,unique
24286,n4/0 grc strap conc const,Feeder with Constants,GRC Copper wire feeders,GRC Strap Concrete,unique
24292,n250 grc strap conc const,Feeder with Constants,GRC Copper wire feeders,GRC Strap Concrete,unique
24298,n300 grc strap conc const,Feeder with Constants,GRC Copper wire feeders,GRC Strap Concrete,unique
24304,n350 grc strap conc const,Feeder with Constants,GRC Copper wire feeders,GRC Strap Concrete,unique
24310,n400 grc strap conc const,Feeder with Constants,GRC Copper wire feeders,GRC Strap Concrete,unique
24316,n500 grc  strap conc const,Feeder with Constants,GRC Copper wire feeders,GRC Strap Concrete,unique
24322,n600 grc  strap conc const,Feeder with Constants,GRC Copper wire feeders,GRC Strap Concrete,unique
24328,n750 grc  strap conc const,Feeder with Constants,GRC Copper wire feeders,GRC Strap Concrete,unique
24338,n14 grc rack const,Branch with Constants,GRC,GRC Rack,unique
24347,n12 grc rack const,Branch with Constants,GRC,GRC Rack,unique
24356,n10 grc rack const,Branch with Constants,GRC,GRC Rack,unique
24365,n8 grc rack const,Branch with Constants,GRC,GRC Rack,unique
24372,n6 grc rack const,Branch with Constants,GRC,GRC Rack,unique
24378,n4 grc rack const,Branch with Constants,GRC,GRC Rack,unique
24383,n14 3/4 grc rack const,Branch with Constants,GRC,GRC Rack,loose
24392,n12 3/4 grc rack const,Branch with Constants,GRC,GRC Rack,loose
24404,n14 grc hr rack const,Branch with Constants,GRC Home Runs,GRC Rack,unique
24413,n12 grc hr rack const,Branch with Constants,GRC Home Runs,GRC Rack,unique
24422,n10 grc hr rack const,Branch with Constants,GRC Home Runs,GRC Rack,unique
24431,n8 grc hr rack const,Branch with Constants,GRC Home Runs,GRC Rack,unique
24438,n6 grc hr rack const,Branch with Constants,GRC Home Runs,GRC Rack,unique
24444,n4 grc hr rack const,Branch with Constants,GRC Home Runs,GRC Rack,unique
24449,n14 3/4 grc hr rack const,Branch with Constants,GRC Home Runs,GRC Rack,loose
24458,n12 3/4 grc hr rack const,Branch with Constants,GRC Home Runs,GRC Rack,loose
24468,grc feeder rack w/wire cons,Feeder with Constants,Aluminum wire feeders Misc,feeders grc rack al wire,unique
24469,n3 grc rack const,Feeder with Constants,GRC Copper wire feeders,GRC Rack,unique
24475,n2 grc rack const,Feeder with Constants,GRC Copper wire feeders,GRC Rack,unique
24481,n1 grc rack const,Feeder with Constants,GRC Copper wire feeders,GRC Rack,unique
24487,n1/0 grc rack const,Feeder with Constants,GRC Copper wire feeders,GRC Rack,unique
24493,n2/0 grc rack const,Feeder with Constants,GRC Copper wire feeders,GRC Rack,unique
24499,n3/0 grc rack const,Feeder with Constants,GRC Copper wire feeders,GRC Rack,unique
24505,n4/0 grc rack const,Feeder with Constants,GRC Copper wire feeders,GRC Rack,unique
24511,n250 grc rack const,Feeder with Constants,GRC Copper wire feeders,GRC Rack,unique
24517,n300 grc rack const,Feeder with Constants,GRC Copper wire feeders,GRC Rack,unique
24523,n350 grc rack const,Feeder with Constants,GRC Copper wire feeders,GRC Rack,unique
24529,n400 grc rack const,Feeder with Constants,GRC Copper wire feeders,GRC Rack,unique
24535,n500 grc  rack const,Feeder with Constants,GRC Copper wire feeders,GRC Rack,unique
24541,n600 grc rack const,Feeder with Constants,GRC Copper wire feeders,GRC Rack,unique
24547,n750 grc  rack const,Feeder with Constants,GRC Copper wire feeders,GRC Rack,unique
24558,n14 grc underground const,Branch with Constants,GRC,GRC Underground,unique
24567,n12 grc underground const,Branch with Constants,GRC,GRC Underground,unique
24576,n10 grc  underground const,Branch with Constants,GRC,GRC Underground,unique
24585,n8 grc  underground const,Branch with Constants,GRC,GRC Underground,unique
24592,n6 grc  underground const,Branch with Constants,GRC,GRC Underground,unique
24598,n4 grc  underground const,Branch with Constants,GRC,GRC Underground,unique
24603,n14 3/4 grc underground co,Branch with Constants,GRC,GRC Underground,loose
24612,n12 3/4 grc underground co,Branch with Constants,GRC,GRC Underground,loose
24624,n14 grc hr underground cons,Branch with Constants,GRC Home Runs,GRC Underground,unique
24633,n12 grc hr underground cons,Branch with Constants,GRC Home Runs,GRC Underground,unique
24642,n10 grc  hr underground con,Branch with Constants,GRC Home Runs,GRC Underground,unique
24651,n8 grc  hr underground cons,Branch with Constants,GRC Home Runs,GRC Underground,unique
24658,n6 grc  hr underground cons,Branch with Constants,GRC Home Runs,GRC Underground,unique
24664,n4 grc  hr underground cons,Branch with Constants,GRC Home Runs,GRC Underground,unique
24669,n14 3/4 grc hr underground,Branch with Constants,GRC Home Runs,GRC Underground,loose
24678,n12 3/4 grc hr underground,Branch with Constants,GRC Home Runs,GRC Underground,loose
24689,n3 grc underground const,Feeder with Constants,GRC Copper wire feeders,GRC Underground,unique
24695,n2 grc underground const,Feeder with Constants,GRC Copper wire feeders,GRC Underground,unique
24701,n1 grc underground const,Feeder with Constants,GRC Copper wire feeders,GRC Underground,unique
24707,n1/0 grc underground const,Feeder with Constants,GRC Copper wire feeders,GRC Underground,unique
24713,n2/0 grc underground const,Feeder with Constants,GRC Copper wire feeders,GRC Underground,unique
24719,n3/0 grc underground const,Feeder with Constants,GRC Copper wire feeders,GRC Underground,unique
24725,n4/0 grc underground const,Feeder with Constants,GRC Copper wire feeders,GRC Underground,unique
24731,n250 grc underground const,Feeder with Constants,GRC Copper wire feeders,GRC Underground,unique
24737,n300 grc underground const,Feeder with Constants,GRC Copper wire feeders,GRC Underground,unique
24743,n350 grc underground const,Feeder with Constants,GRC Copper wire feeders,GRC Underground,unique
24749,n400 grc underground const,Feeder with Constants,GRC Copper wire feeders,GRC Underground,unique
24755,n500 grc  underground const,Feeder with Constants,GRC Copper wire feeders,GRC Underground,unique
24761,n600 grc underground const,Feeder with Constants,GRC Copper wire feeders,GRC Underground,unique
24767,n750 grc  underground const,Feeder with Constants,GRC Copper wire feeders,GRC Underground,unique
24778,n14 grc beam clamp const,Branch with Constants,GRC,GRC Beam Clamp,unique
24787,n12 grc beam clamp const,Branch with Constants,GRC,GRC Beam Clamp,unique
24796,n10 grc beam clamp const,Branch with Constants,GRC,GRC Beam Clamp,unique
24805,n8 grc beam clamp const,Branch with Constants,GRC,GRC Beam Clamp,unique
24812,n6 grc beam clamp const,Branch with Constants,GRC,GRC Beam Clamp,unique
24818,n4 grc beam clamp const,Branch with Constants,GRC,GRC Beam Clamp,unique
24823,n14 3/4 grc beam clamp con,Branch with Constants,GRC,GRC Beam Clamp,loose
24832,n12 3/4 grc beam clamp con,Branch with Constants,GRC,GRC Beam Clamp,loose
24844,n14 grc hr beam clamp const,Branch with Constants,GRC Home Runs,GRC Beam Clamp,unique
24853,n12 grc hr beam clamp const,Branch with Constants,GRC Home Runs,GRC Beam Clamp,unique
24862,n10 grc hr beam clamp const,Branch with Constants,GRC Home Runs,GRC Beam Clamp,unique
24871,n8 grc hr beam clamp const,Branch with Constants,GRC Home Runs,GRC Beam Clamp,unique
24878,n6 grc hr beam clamp const,Branch with Constants,GRC Home Runs,GRC Beam Clamp,unique
24884,n4 grc hr beam clamp const,Branch with Constants,GRC Home Runs,GRC Beam Clamp,unique
24889,n14 3/4 grc hr beam clamp,Branch with Constants,GRC Home Runs,GRC Beam Clamp,loose
24898,n12 3/4 grc hr beam clamp,Branch with Constants,GRC Home Runs,GRC Beam Clamp,loose
24910,n3 grc beam clamp const,Feeder with Constants,GRC Copper wire feeders,GRC Beam Clamp,unique
24916,n2 grc beam clamp const,Feeder with Constants,GRC Copper wire feeders,GRC Beam Clamp,unique
24922,n1 grc beam clamp const,Feeder with Constants,GRC Copper wire feeders,GRC Beam Clamp,unique
24928,n1/0 grc beam clamp const,Feeder with Constants,GRC Copper wire feeders,GRC Beam Clamp,unique
24934,n2/0 grc beam clamp const,Feeder with Constants,GRC Copper wire feeders,GRC Beam Clamp,unique
24940,n3/0 grc beam clamp const,Feeder with Constants,GRC Copper wire feeders,GRC Beam Clamp,unique
24946,n4/0 grc beam clamp const,Feeder with Constants,GRC Copper wire feeders,GRC Beam Clamp,unique
24952,n250 grc beam clamp const,Feeder with Constants,GRC Copper wire feeders,GRC Beam Clamp,unique
24958,n300 grc beam clamp const,Feeder with Constants,GRC Copper wire feeders,GRC Beam Clamp,unique
24964,n350 grc beam clamp const,Feeder with Constants,GRC Copper wire feeders,GRC Beam Clamp,unique
24970,n400 grc beam clamp const,Feeder with Constants,GRC Copper wire feeders,GRC Beam Clamp,unique
24976,n500 grc  beam clamp const,Feeder with Constants,GRC Copper wire feeders,GRC Beam Clamp,unique
24982,n600 grc beam clamp const,Feeder with Constants,GRC Copper wire feeders,GRC Beam Clamp,unique
24988,n750 grc  beam clamp const,Feeder with Constants,GRC Copper wire feeders,GRC Beam Clamp,unique
24997,branch 1/2 al const,Branch with Constants,ARC,ARC Branch Parts,distance
25017,branch 3/4 al const,Branch with Constants,ARC,ARC Branch Parts,distance
25037,branch 1 al const,Branch with Constants,ARC,ARC Branch Parts,distance
25058,al feeder const,Feeder with Constants,AL Rigid Conduit Copper wire feeders,Al Strap,distance
25059,1 1/4 al feeder const,Feeder with Constants,AL Rigid Conduit Copper wire feeders,Al Feeder Parts,unique
25088,1 1/2 al feeder const,Feeder with Constants,AL Rigid Conduit Copper wire feeders,Al Feeder Parts,unique
25117,2 al  feeder const,Feeder with Constants,AL Rigid Conduit Copper wire feeders,Al Feeder Parts,unique
25146,2 1/2 al  feeder const,Feeder with Constants,AL Rigid Conduit Copper wire feeders,Al Feeder Parts,unique
25174,3 al feeder const,Feeder with Constants,AL Rigid Conduit Copper wire feeders,Al Feeder Parts,unique
25202,3 1/2 al feeder const,Feeder with Constants,AL Rigid Conduit Copper wire feeders,Al Feeder Parts,unique
25229,4 al  feeder const,Feeder with Constants,AL Rigid Conduit Copper wire feeders,Al Feeder Parts,unique
25316,n14 al strap const,Branch with Constants,ARC,ARC Strap,unique
25325,n12 al strap const,Branch with Constants,ARC,ARC Strap,unique
25334,n10 al d/c strap const,Branch with Constants,ARC,ARC Strap,unique
25343,n8 al strap const,Branch with Constants,ARC,ARC Strap,unique
25350,n6 al strap const,Branch with Constants,ARC,ARC Strap,unique
25356,n4 al strap const,Branch with Constants,ARC,ARC Strap,unique
25361,n14 3/4 al strap const,Branch with Constants,ARC,ARC Strap,loose
25370,n12 3/4 al strap const,Branch with Constants,ARC,ARC Strap,loose
25380,n14 al hr strap const,Branch with Constants,ARC Home Runs,ARC Strap,unique
25389,n12 al hr strap const,Branch with Constants,ARC Home Runs,ARC Strap,unique
25398,n10 al hr strap const,Branch with Constants,ARC Home Runs,ARC Strap,unique
25407,n8 al hr strap const,Branch with Constants,ARC Home Runs,ARC Strap,unique
25414,n6 al hr strap const,Branch with Constants,ARC Home Runs,ARC Strap,unique
25420,n4 al hr strap const,Branch with Constants,ARC Home Runs,ARC Strap,unique
25425,n14 3/4 al hr strap const,Branch with Constants,ARC Home Runs,ARC Strap,loose
25434,n12 3/4 al hr strap const,Branch with Constants,ARC Home Runs,ARC Strap,loose
25445,n3 al strap const,Feeder with Constants,AL Rigid Conduit Copper wire feeders,Al Strap,unique
25451,n2 al strap const,Feeder with Constants,AL Rigid Conduit Copper wire feeders,Al Strap,unique
25457,n1 al strap const,Feeder with Constants,AL Rigid Conduit Copper wire feeders,Al Strap,unique
25463,n1/0 al strap const,Feeder with Constants,AL Rigid Conduit Copper wire feeders,Al Strap,unique
25469,n2/0 al strap const,Feeder with Constants,AL Rigid Conduit Copper wire feeders,Al Strap,unique
25475,n3/0  al strap const,Feeder with Constants,AL Rigid Conduit Copper wire feeders,Al Strap,unique
25481,n4/0 al strap const,Feeder with Constants,AL Rigid Conduit Copper wire feeders,Al Strap,unique
25487,n250 al strap const,Feeder with Constants,AL Rigid Conduit Copper wire feeders,Al Strap,unique
25493,n300 al strap const,Feeder with Constants,AL Rigid Conduit Copper wire feeders,Al Strap,unique
25499,n350 al  strap const,Feeder with Constants,AL Rigid Conduit Copper wire feeders,Al Strap,unique
25505,n400 al strap const,Feeder with Constants,AL Rigid Conduit Copper wire feeders,Al Strap,unique
25511,n500 al strap const,Feeder with Constants,AL Rigid Conduit Copper wire feeders,Al Strap,unique
25517,n600 al strap const,Feeder with Constants,AL Rigid Conduit Copper wire feeders,Al Strap,unique
25523,n750 al strap const,Feeder with Constants,AL Rigid Conduit Copper wire feeders,Al Strap,unique
25532,n14 al concrete w/wire cons,Branch with Constants,ARC,ARC Strap Concrete,unique
25541,n12 al concrete w/wire cons,Branch with Constants,ARC,ARC Strap Concrete,unique
25550,n10 al concrete w/wire cons,Branch with Constants,ARC,ARC Strap Concrete,unique
25559,n8 al concrete w/wire const,Branch with Constants,ARC,ARC Strap Concrete,unique
25566,n6 al concrete w/wire const,Branch with Constants,ARC,ARC Strap Concrete,unique
25572,n4 al concrete w/wire const,Branch with Constants,ARC,ARC Strap Concrete,unique
25577,n14 3/4 al concrete w/wire,Branch with Constants,ARC,ARC Strap Concrete,loose
25586,n12 3/4 al concrete w/wire,Branch with Constants,ARC,ARC Strap Concrete,loose
25597,n14  al hr concrete w/wire,Branch with Constants,ARC Home Runs,ARC Strap Concrete,unique
25606,n12 al hr concrete w/wire c,Branch with Constants,ARC Home Runs,ARC Strap Concrete,unique
25615,n10 al hr concrete w/wire c,Branch with Constants,ARC Home Runs,ARC Strap Concrete,unique
25624,n8 al hr concrete w/wire co,Branch with Constants,ARC Home Runs,ARC Strap Concrete,unique
25631,n6 al hr concrete w/wire co,Branch with Constants,ARC Home Runs,ARC Strap Concrete,unique
25637,n4 al hr concrete w/wire co,Branch with Constants,ARC Home Runs,ARC Strap Concrete,unique
25642,n14 3/4 al hr concrete w/w,Branch with Constants,ARC Home Runs,ARC Strap Concrete,loose
25651,n12 3/4 al hr concrete w/w,Branch with Constants,ARC Home Runs,ARC Strap Concrete,loose
25663,n3 al strap concrete const,Feeder with Constants,AL Rigid Conduit Copper wire feeders,Al Strap Concrete,unique
25669,n2 al strap concrete const,Feeder with Constants,AL Rigid Conduit Copper wire feeders,Al Strap Concrete,unique
25675,n1 al strap concrete const,Feeder with Constants,AL Rigid Conduit Copper wire feeders,Al Strap Concrete,unique
25681,n1/0 al strap concrete cons,Feeder with Constants,AL Rigid Conduit Copper wire feeders,Al Strap Concrete,unique
25687,n2/0 al strap concrete cons,Feeder with Constants,AL Rigid Conduit Copper wire feeders,Al Strap Concrete,unique
25693,n3/0 al strap concrete cons,Feeder with Constants,AL Rigid Conduit Copper wire feeders,Al Strap Concrete,unique
25699,n4/0 al strap concrete cons,Feeder with Constants,AL Rigid Conduit Copper wire feeders,Al Strap Concrete,unique
25705,n250 al strap concrete cons,Feeder with Constants,AL Rigid Conduit Copper wire feeders,Al Strap Concrete,unique
25711,n300 al strap concrete cons,Feeder with Constants,AL Rigid Conduit Copper wire feeders,Al Strap Concrete,unique
25717,n350 al strap concrete cons,Feeder with Constants,AL Rigid Conduit Copper wire feeders,Al Strap Concrete,unique
25723,n400 al strap concrete cons,Feeder with Constants,AL Rigid Conduit Copper wire feeders,Al Strap Concrete,unique
25729,n500 al strap concrete cons,Feeder with Constants,AL Rigid Conduit Copper wire feeders,Al Strap Concrete,unique
25735,n600 al strap concrete cons,Feeder with Constants,AL Rigid Conduit Copper wire feeders,Al Strap Concrete,unique
25741,n750 al  strap concrete con,Feeder with Constants,AL Rigid Conduit Copper wire feeders,Al Strap Concrete,unique
25748,n14 al rack const,Branch with Constants,ARC,ARC Rack,unique
25757,n12 al rack const,Branch with Constants,ARC,ARC Rack,unique
25766,n10 al  rack const,Branch with Constants,ARC,ARC Rack,unique
25775,n8 al rack const,Branch with Constants,ARC,ARC Rack,unique
25782,n6 al rack const,Branch with Constants,ARC,ARC Rack,unique
25788,n4 al rack const,Branch with Constants,ARC,ARC Rack,unique
25793,n14 3/4 al rack const,Branch with Constants,ARC,ARC Rack,loose
25802,n12 3/4 al rack const,Branch with Constants,ARC,ARC Rack,loose
25812,n14 al hr rack const,Branch with Constants,ARC Home Runs,ARC Rack,unique
25821,n12 al hr rack const,Branch with Constants,ARC Home Runs,ARC Rack,unique
25830,n10 al  hr rack const,Branch with Constants,ARC Home Runs,ARC Rack,unique
25839,n8 al hr rack const,Branch with Constants,ARC Home Runs,ARC Rack,unique
25846,n6 al hr rack const,Branch with Constants,ARC Home Runs,ARC Rack,unique
25852,n4 al hr rack const,Branch with Constants,ARC Home Runs,ARC Rack,unique
25857,n14 3/4 al hr rack const,Branch with Constants,ARC Home Runs,ARC Rack,loose
25866,n12 3/4 al hr rack const,Branch with Constants,ARC Home Runs,ARC Rack,loose
25877,n3 al rack const,Feeder with Constants,AL Rigid Conduit Copper wire feeders,Al Rack,unique
25883,n2 al rack const,Feeder with Constants,AL Rigid Conduit Copper wire feeders,Al Rack,unique
25889,n1 al rack const,Feeder with Constants,AL Rigid Conduit Copper wire feeders,Al Rack,unique
25895,n1/0 al rack const,Feeder with Constants,AL Rigid Conduit Copper wire feeders,Al Rack,unique
25901,n2/0 al rack const,Feeder with Constants,AL Rigid Conduit Copper wire feeders,Al Rack,unique
25907,n3/0 al rack const,Feeder with Constants,AL Rigid Conduit Copper wire feeders,Al Rack,unique
25913,n4/0 al rack const,Feeder with Constants,AL Rigid Conduit Copper wire feeders,Al Rack,unique
25919,n250 al rack const,Feeder with Constants,AL Rigid Conduit Copper wire feeders,Al Rack,unique
25925,n300 al rack const,Feeder with Constants,AL Rigid Conduit Copper wire feeders,Al Rack,unique
25931,n350 al rack const,Feeder with Constants,AL Rigid Conduit Copper wire feeders,Al Rack,unique
25937,n400 al rack const,Feeder with Constants,AL Rigid Conduit Copper wire feeders,Al Rack,unique
25943,n500 al rack const,Feeder with Constants,AL Rigid Conduit Copper wire feeders,Al Rack,distance
25949,n600 al rack const,Feeder with Constants,AL Rigid Conduit Copper wire feeders,Al Rack,unique
25955,n750 al  rack const,Feeder with Constants,AL Rigid Conduit Copper wire feeders,Al Rack,unique
25963,n3 al beam clamp const,Feeder with Constants,AL Rigid Conduit Copper wire feeders,Al Beam Clamp,unique
25969,n2 al beam clamp const,Feeder with Constants,AL Rigid Conduit Copper wire feeders,Al Beam Clamp,unique
25975,n1 al beam clamp const,Feeder with Constants,AL Rigid Conduit Copper wire feeders,Al Beam Clamp,unique
25981,n1/0 al beam clamp const,Feeder with Constants,AL Rigid Conduit Copper wire feeders,Al Beam Clamp,unique
25987,n2/0 al beam clamp const,Feeder with Constants,AL Rigid Conduit Copper wire feeders,Al Beam Clamp,unique
25993,n3/0 al beam clamp const,Feeder with Constants,AL Rigid Conduit Copper wire feeders,Al Beam Clamp,unique
25999,n4/0 al beam clamp const,Feeder with Constants,AL Rigid Conduit Copper wire feeders,Al Beam Clamp,unique
26005,n250 al beam clamp const,Feeder with Constants,AL Rigid Conduit Copper wire feeders,Al Beam Clamp,unique
26011,n300 al beam clamp const,Feeder with Constants,AL Rigid Conduit Copper wire feeders,Al Beam Clamp,unique
26017,n350 al beam clamp const,Feeder with Constants,AL Rigid Conduit Copper wire feeders,Al Beam Clamp,unique
26023,n400 al beam clamp const,Feeder with Constants,AL Rigid Conduit Copper wire feeders,Al Beam Clamp,unique
26029,n500 al beam clamp const,Feeder with Constants,AL Rigid Conduit Copper wire feeders,Al Beam Clamp,unique
26035,n600 al beam clamp const,Feeder with Constants,AL Rigid Conduit Copper wire feeders,Al Beam Clamp,unique
26041,n750 al  beam clamp const,Feeder with Constants,AL Rigid Conduit Copper wire feeders,Al Beam Clamp,unique
26052,branch 1/2 grc/pvc const,Branch with Constants,GRC/PVC,GRC/PVC Parts,distance
26072,branch 3/4 grc/pvc const,Branch with Constants,GRC/PVC,GRC/PVC Parts,distance
26093,branch 1 grc/pvc const,Branch with Constants,GRC/PVC,GRC/PVC Parts,distance
26114,grc/pvc feeder const,Feeder with Constants,GRC/PVC,GRC/PVC No Support,distance
26115,feeder 1 1/4 grc/pvc const,Feeder with Constants,GRC/PVC,GRC/PVC Feeder Parts,loose
26137,feeder 1 1/2 grc/pvc const,Feeder with Constants,GRC/PVC,GRC/PVC Feeder Parts,loose
26159,feeder 2 grc/pvc const,Feeder with Constants,GRC/PVC,GRC/PVC Feeder Parts,loose
26180,feeder 2 1/2 grc/pvc const,Feeder with Constants,GRC/PVC,GRC/PVC Feeder Parts,loose
26201,feeder 3 grc/pvc const,Feeder with Constants,GRC/PVC,GRC/PVC Feeder Parts,loose
26222,feeder 3 1/2 grc/pvc const,Feeder with Constants,GRC/PVC,GRC/PVC Feeder Parts,loose
26242,feeder 4 grc/pvc const,Feeder with Constants,GRC/PVC,GRC/PVC Feeder Parts,loose
26264,n14 grc/pvc no strap const,Branch with Constants,GRC/PVC,GRC/PVC No Support,distance
26273,n12 grc/pvc no strap const,Branch with Constants,GRC/PVC,GRC/PVC No Support,distance
26282,n10 grc/pvc no strap const,Branch with Constants,GRC/PVC,GRC/PVC No Support,distance
26291,n8 grc/pvc no strap const,Branch with Constants,GRC/PVC,GRC/PVC No Support,unique
26298,n6 grc/pvc no strap const,Branch with Constants,GRC/PVC,GRC/PVC No Support,unique
26304,n4 grc/pvc no strap const,Branch with Constants,GRC/PVC,GRC/PVC No Support,unique
26309,n14 3/4 grc/pvc no strap c,Branch with Constants,GRC/PVC,GRC/PVC No Support,loose
26318,n12 3/4 grc/pvc no strap c,Branch with Constants,GRC/PVC,GRC/PVC No Support,loose
26329,n14 grc/pvc hr no strap con,Branch with Constants,GRC/PVC Home Runs,GRC/PVC No Support,unique
26338,n12 grc/pvc hr no strap con,Branch with Constants,GRC/PVC Home Runs,GRC/PVC No Support,unique
26347,n10 grc/pvc hr no strap con,Branch with Constants,GRC/PVC Home Runs,GRC/PVC No Support,unique
26356,n8 grc/pvc hr no strap cons,Branch with Constants,GRC/PVC Home Runs,GRC/PVC No Support,unique
26363,n6 grc/pvc hr no strap cons,Branch with Constants,GRC/PVC Home Runs,GRC/PVC No Support,unique
26369,n4 grc/pvc hr no strap cons,Branch with Constants,GRC/PVC Home Runs,GRC/PVC No Support,unique
26374,n14 3/4 grc/pvc hr no stra,Branch with Constants,GRC/PVC Home Runs,GRC/PVC No Support,loose
26383,n12 3/4 grc/pvc hr no stra,Branch with Constants,GRC/PVC Home Runs,GRC/PVC No Support,loose
26394,n3 grc/pvc no strap const,Feeder with Constants,GRC/PVC,GRC/PVC No Support,unique
26400,n2 grc/pvc  no strap const,Feeder with Constants,GRC/PVC,GRC/PVC No Support,unique
26406,n1 grc/pvc  no strap const,Feeder with Constants,GRC/PVC,GRC/PVC No Support,unique
26412,n1/0 grc/pvc  no strap cons,Feeder with Constants,GRC/PVC,GRC/PVC No Support,unique
26418,n2/0 grc/pvc  no strap cons,Feeder with Constants,GRC/PVC,GRC/PVC No Support,unique
26424,n3/0 grc/pvc  no strap cons,Feeder with Constants,GRC/PVC,GRC/PVC No Support,unique
26430,n4/0 grc/pvc  no strap cons,Feeder with Constants,GRC/PVC,GRC/PVC No Support,unique
26436,n250 grc/pvc  no strap cons,Feeder with Constants,GRC/PVC,GRC/PVC No Support,unique
26442,n300 grc/pvc  no strap cons,Feeder with Constants,GRC/PVC,GRC/PVC No Support,unique
26448,n350 grc/pvc  no strap cons,Feeder with Constants,GRC/PVC,GRC/PVC No Support,unique
26454,n400 grc/pvc  no strap cons,Feeder with Constants,GRC/PVC,GRC/PVC No Support,unique
26460,n500 grc/pvc  no strap cons,Feeder with Constants,GRC/PVC,GRC/PVC No Support,unique
26466,n600 grc/pvc  no strap cons,Feeder with Constants,GRC/PVC,GRC/PVC No Support,unique
26472,n750 grc/pvc  no strap cons,Feeder with Constants,GRC/PVC,GRC/PVC No Support,unique
26480,n14 grc/pvc strap const,Branch with Constants,GRC/PVC,GRC/PVC Strap,unique
26489,n12 grc/pvc strap const,Branch with Constants,GRC/PVC,GRC/PVC Strap,unique
26498,n10 grc/pvc strap const,Branch with Constants,GRC/PVC,GRC/PVC Strap,unique
26507,n8 grc/pvc strap const,Branch with Constants,GRC/PVC,GRC/PVC Strap,unique
26514,n6 grc/pvc strap const,Branch with Constants,GRC/PVC,GRC/PVC Strap,unique
26520,n4 grc/pvc strap const,Branch with Constants,GRC/PVC,GRC/PVC Strap,unique
26525,n14 3/4 grc/pvc strap cons,Branch with Constants,GRC/PVC,GRC/PVC Strap,loose
26534,n12 3/4 grc/pvc strap cons,Branch with Constants,GRC/PVC,GRC/PVC Strap,loose
26545,n14 grc/pvc hr strap const,Branch with Constants,GRC/PVC Home Runs,GRC/PVC Strap,unique
26554,n12 grc/pvc hr strap const,Branch with Constants,GRC/PVC Home Runs,GRC/PVC Strap,unique
26563,n10 grc/pvc hr strap const,Branch with Constants,GRC/PVC Home Runs,GRC/PVC Strap,unique
26572,n8 grc/pvc hr strap const,Branch with Constants,GRC/PVC Home Runs,GRC/PVC Strap,unique
26579,n6 grc/pvc hr strap const,Branch with Constants,GRC/PVC Home Runs,GRC/PVC Strap,unique
26585,n4 grc/pvc hr strap const,Branch with Constants,GRC/PVC Home Runs,GRC/PVC Strap,unique
26590,n14 3/4 grc/pvc hr strap c,Branch with Constants,GRC/PVC Home Runs,GRC/PVC Strap,loose
26599,n12 3/4 grc/pvc hr strap c,Branch with Constants,GRC/PVC Home Runs,GRC/PVC Strap,distance
26610,n3 grc/pvc strap const,Feeder with Constants,GRC/PVC,GRC/PVC Strap,unique
26616,n2 grc/pvc strap const,Feeder with Constants,GRC/PVC,GRC/PVC Strap,unique
26622,n1 grc/pvc strap const,Feeder with Constants,GRC/PVC,GRC/PVC Strap,unique
26628,n1/0 grc/pvc strap const,Feeder with Constants,GRC/PVC,GRC/PVC Strap,unique
26634,n2/0 grc/pvc strap const,Feeder with Constants,GRC/PVC,GRC/PVC Strap,unique
26640,n3/0 grc/pvc strap const,Feeder with Constants,GRC/PVC,GRC/PVC Strap,unique
26646,n4/0 grc/pvc strap const,Feeder with Constants,GRC/PVC,GRC/PVC Strap,unique
26652,n250 grc/pvc strap const,Feeder with Constants,GRC/PVC,GRC/PVC Strap,unique
26658,n300 grc/pvc strap const,Feeder with Constants,GRC/PVC,GRC/PVC Strap,unique
26664,n350 grc/pvc strap const,Feeder with Constants,GRC/PVC,GRC/PVC Strap,unique
26670,n400 grc/pvc strap const,Feeder with Constants,GRC/PVC,GRC/PVC Strap,unique
26676,n500 grc/pvc strap const,Feeder with Constants,GRC/PVC,GRC/PVC Strap,unique
26682,n600 grc/pvc strap const,Feeder with Constants,GRC/PVC,GRC/PVC Strap,unique
26688,n750 grc/pvc strap const,Feeder with Constants,GRC/PVC,GRC/PVC Strap,unique
26698,n14 grc/pvc strap concrete,Branch,GRC/PVC,GRC/PVC Strp Concrete,unique
26707,n12 grc/pvc strap concrete,Branch,GRC/PVC,GRC/PVC Strp Concrete,unique
26716,n10 grc/pvc strap concrete,Branch,GRC/PVC,GRC/PVC Strp Concrete,unique
26725,n8 grc/pvc strap concrete c,Branch with Constants,GRC/PVC,GRC/PVC Strap Concrete,unique
26732,n6 grc/pvc strap concrete c,Branch with Constants,GRC/PVC,GRC/PVC Strap Concrete,unique
26738,n4 grc/pvc strap concrete c,Branch with Constants,GRC/PVC,GRC/PVC Strap Concrete,unique
26743,n14 3/4grc/pvc strap concr,Branch with Constants,GRC/PVC,GRC/PVC Strap Concrete,loose
26752,n12 3/4grc/pvc strap concr,Branch with Constants,GRC/PVC,GRC/PVC Strap Concrete,loose
26763,n14 grc/pvc hr strap concre,Branch with Constants,GRC/PVC Home Runs,GRC/PVC Strap Concrete,unique
26772,n12 grc/pvc hr strap concre,Branch with Constants,GRC/PVC Home Runs,GRC/PVC Strap Concrete,unique
26781,n10 grc/pvc hr strap concre,Branch with Constants,GRC/PVC Home Runs,GRC/PVC Strap Concrete,unique
26790,n8 grc/pvc hr strap concret,Branch with Constants,GRC/PVC Home Runs,GRC/PVC Strap Concrete,unique
26797,n6 grc/pvc hr strap concret,Branch with Constants,GRC/PVC Home Runs,GRC/PVC Strap Concrete,unique
26803,n4 grc/pvc hr strap concret,Branch with Constants,GRC/PVC Home Runs,GRC/PVC Strap Concrete,unique
26808,n14 3/4grc/pvc hr strap co,Branch with Constants,GRC/PVC Home Runs,GRC/PVC Strap Concrete,loose
26828,n3 grc/pvc strap concr  con,Feeder with Constants,GRC/PVC,GRC/PVC Strap Concrete,unique
26834,n2 grc/pvc strap concr cons,Feeder with Constants,GRC/PVC,GRC/PVC Strap Concrete,unique
26840,n1 grc/pvc strap conc const,Feeder with Constants,GRC/PVC,GRC/PVC Strap Concrete,unique
26846,n1/0 grc/pvc strap conc con,Feeder with Constants,GRC/PVC,GRC/PVC Strap Concrete,unique
26852,n2/0 grc/pvc strap conc con,Feeder with Constants,GRC/PVC,GRC/PVC Strap Concrete,unique
26858,n3/0 grc/pvc strap conc con,Feeder with Constants,GRC/PVC,GRC/PVC Strap Concrete,unique
26864,n4/0 grc/pvc strap conc con,Feeder with Constants,GRC/PVC,GRC/PVC Strap Concrete,unique
26870,n250 grc/pvc strap conc con,Feeder with Constants,GRC/PVC,GRC/PVC Strap Concrete,unique
26876,n300 grc/pvc strap conc con,Feeder with Constants,GRC/PVC,GRC/PVC Strap Concrete,unique
26882,n350 grc/pvc strap conc con,Feeder with Constants,GRC/PVC,GRC/PVC Strap Concrete,unique
26888,n400 grc/pvc strap conc con,Feeder with Constants,GRC/PVC,GRC/PVC Strap Concrete,unique
26894,n500 grc/pvc strap conc con,Feeder with Constants,GRC/PVC,GRC/PVC Strap Concrete,unique
26900,n600 grc/pvc strap conc con,Feeder with Constants,GRC/PVC,GRC/PVC Strap Concrete,unique
26906,n750 grc/pvc strap conc con,Feeder with Constants,GRC/PVC,GRC/PVC Strap Concrete,unique
26913,n14 grc/pvc rack const,Branch with Constants,GRC/PVC,GRC/PVC Rack,unique
26922,n12 grc/pvc rack const,Branch with Constants,GRC/PVC,GRC/PVC Rack,unique
26931,n10 grc/pvc rack const,Branch with Constants,GRC/PVC,GRC/PVC Rack,unique
26940,n8 grc/pvc rack const,Branch with Constants,GRC/PVC,GRC/PVC Rack,unique
26947,n6 grc/pvc rack const,Branch with Constants,GRC/PVC,GRC/PVC Rack,unique
26953,n4 grc/pvc rack const,Branch with Constants,GRC/PVC,GRC/PVC Rack,unique
26958,n14 3/4 grc/pvc rack const,Branch with Constants,GRC/PVC,GRC/PVC Rack,loose
26967,n12 3/4 grc/pvc rack const,Branch with Constants,GRC/PVC,GRC/PVC Rack,loose
26977,n14 grc/pvc hr rack const,Branch with Constants,GRC/PVC Home Runs,GRC/PVC Rack,unique
26986,n12 grc/pvc hr rack const,Branch with Constants,GRC/PVC Home Runs,GRC/PVC Rack,unique
26995,n10 grc/pvc hr rack const,Branch with Constants,GRC/PVC Home Runs,GRC/PVC Rack,unique
27004,n8 grc/pvc hr rack const,Branch with Constants,GRC/PVC Home Runs,GRC/PVC Rack,unique
27011,n6 grc/pvc hr rack const,Branch with Constants,GRC/PVC Home Runs,GRC/PVC Rack,unique
27017,n4 grc/pvc hr rack const,Branch with Constants,GRC/PVC Home Runs,GRC/PVC Rack,unique
27022,n14 3/4 grc/pvc hr rack co,Branch with Constants,GRC/PVC Home Runs,GRC/PVC Rack,loose
27031,n12 3/4 grc/pvc hr rack co,Branch with Constants,GRC/PVC Home Runs,GRC/PVC Rack,loose
27042,n3 grc/pvc rack const,Feeder with Constants,GRC/PVC,GRC/PVC Rack,unique
27048,n2 grc/pvc rack const,Feeder with Constants,GRC/PVC,GRC/PVC Rack,unique
27054,n1 grc/pvc rack const,Feeder with Constants,GRC/PVC,GRC/PVC Rack,unique
27060,n1/0 grc/pvc rack const,Feeder with Constants,GRC/PVC,GRC/PVC Rack,unique
27066,n2/0 grc/pvc rack const,Feeder with Constants,GRC/PVC,GRC/PVC Rack,unique
27072,n3/0 grc/pvc rack const,Feeder with Constants,GRC/PVC,GRC/PVC Rack,unique
27078,n4/0 grc/pvc rack const,Feeder with Constants,GRC/PVC,GRC/PVC Rack,unique
27084,n250 grc/pvc rack const,Feeder with Constants,GRC/PVC,GRC/PVC Rack,unique
27090,n300 grc/pvc rack const,Feeder with Constants,GRC/PVC,GRC/PVC Rack,unique
27096,n350 grc/pvc rack const,Feeder with Constants,GRC/PVC,GRC/PVC Rack,unique
27102,n400 grc/pvc rack const,Feeder with Constants,GRC/PVC,GRC/PVC Rack,unique
27108,n500 grc/pvc rack const,Feeder with Constants,GRC/PVC,GRC/PVC Rack,unique
27114,n600 grc/pvc rack const,Feeder with Constants,GRC/PVC,GRC/PVC Rack,unique
27120,n750 grc/pvc rack const,Feeder with Constants,GRC/PVC,GRC/PVC Rack,unique
27128,n3 grc/pvc underground cons,Feeder with Constants,GRC/PVC,GRC/PVC Underground,unique
27134,n2 grc/pvc underground cons,Feeder with Constants,GRC/PVC,GRC/PVC Underground,unique
27140,n1 grc/pvc underground cons,Feeder with Constants,GRC/PVC,GRC/PVC Underground,unique
27146,n1/0 grc/pvc underground co,Feeder with Constants,GRC/PVC,GRC/PVC Underground,unique
27158,n3/0 grc/pvc underground co,Feeder with Constants,GRC/PVC,GRC/PVC Underground,unique
27164,n4/0 grc/pvc underground co,Feeder with Constants,GRC/PVC,GRC/PVC Underground,unique
27170,n250 grc/pvc underground co,Feeder with Constants,GRC/PVC,GRC/PVC Underground,unique
27176,n300 grc/pvc underground co,Feeder with Constants,GRC/PVC,GRC/PVC Underground,unique
27182,n350 grc/pvc underground co,Feeder with Constants,GRC/PVC,GRC/PVC Underground,unique
27188,n400 grc/pvc underground co,Feeder with Constants,GRC/PVC,GRC/PVC Underground,unique
27194,n500 grc/pvc underground co,Feeder with Constants,GRC/PVC,GRC/PVC Underground,unique
27206,n750 grc/pvc underground co,Feeder with Constants,GRC/PVC,GRC/PVC Underground,unique
27214,n14 grc/pvc 90 deg beam cla,Branch with Constants,GRC/PVC,GRC/PVC 90D Beam Clamp,distance
27223,n12 grc/pvc 90 deg beam cla,Branch with Constants,GRC/PVC,GRC/PVC 90D Beam Clamp,distance
27232,n10 grc/pvc 90 deg beam cla,Branch with Constants,GRC/PVC,GRC/PVC 90D Beam Clamp,distance
27241,n8 grc/pvc 90 deg beam clam,Branch with Constants,GRC/PVC,GRC/PVC 90D Beam Clamp,distance
27248,n6 grc/pvc 90 deg beam clam,Branch with Constants,GRC/PVC,GRC/PVC 90D Beam Clamp,distance
27254,n4 grc/pvc 90 deg beam clam,Branch with Constants,GRC/PVC,GRC/PVC 90D Beam Clamp,distance
27259,n14 3/4 grc/pvc 90deg bc c,Branch with Constants,GRC/PVC,GRC/PVC 90D Beam Clamp,loose
27268,n12 3/4 grc/pvc 90deg bc c,Branch with Constants,GRC/PVC,GRC/PVC 90D Beam Clamp,loose
27279,n14 grc/pvc 90 deg hr bc co,Branch with Constants,GRC/PVC Home Runs,GRC/PVC 90D Beam Clamp,unique
27288,n12 grc/pvc 90 deg hr bc co,Branch with Constants,GRC/PVC Home Runs,GRC/PVC 90D Beam Clamp,unique
27297,n10 grc/pvc 90 deg hr bc co,Branch with Constants,GRC/PVC Home Runs,GRC/PVC 90D Beam Clamp,unique
27306,n8 grc/pvc 90 deg hr bc con,Branch with Constants,GRC/PVC Home Runs,GRC/PVC 90D Beam Clamp,unique
27313,n6 grc/pvc 90 deg hr bc con,Branch with Constants,GRC/PVC Home Runs,GRC/PVC 90D Beam Clamp,unique
27319,n4 grc/pvc 90 deg hr bc con,Branch with Constants,GRC/PVC Home Runs,GRC/PVC 90D Beam Clamp,unique
27324,n14 3/4 grc/pvc 90deg hr b,Branch with Constants,GRC/PVC Home Runs,GRC/PVC 90D Beam Clamp,loose
27333,n12 3/4 grc/pvc 90deg hr b,Branch with Constants,GRC/PVC Home Runs,GRC/PVC 90D Beam Clamp,loose
27344,n3 grc/pvc 90 deg beam clam,Feeder with Constants,GRC/PVC,GRC/PVC 90D Beam Clamp,unique
27350,n2 grc/pvc 90 deg beam clam,Feeder with Constants,GRC/PVC,GRC/PVC 90D Beam Clamp,unique
27356,n1 grc/pvc 90 deg beam clam,Feeder with Constants,GRC/PVC,GRC/PVC 90D Beam Clamp,unique
27362,n1/0 grc/pvc 90 deg beam cl,Feeder with Constants,GRC/PVC,GRC/PVC 90D Beam Clamp,unique
27368,n2/0 grc/pvc 90 deg beam cl,Feeder with Constants,GRC/PVC,GRC/PVC 90D Beam Clamp,unique
27374,n3/0 grc/pvc 90 deg beam cl,Feeder with Constants,GRC/PVC,GRC/PVC 90D Beam Clamp,unique
27380,n4/0 grc/pvc 90 deg beam cl,Feeder with Constants,GRC/PVC,GRC/PVC 90D Beam Clamp,unique
27386,n250 grc/pvc 90 deg beam cl,Feeder with Constants,GRC/PVC,GRC/PVC 90D Beam Clamp,unique
27392,n300 grc/pvc 90 deg beam cl,Feeder with Constants,GRC/PVC,GRC/PVC 90D Beam Clamp,unique
27398,n350 grc/pvc 90 deg beam cl,Feeder with Constants,GRC/PVC,GRC/PVC 90D Beam Clamp,unique
27404,n400 grc/pvc 90 deg beam cl,Feeder with Constants,GRC/PVC,GRC/PVC 90D Beam Clamp,unique
27410,n500 grc/pvc 90 deg beam cl,Feeder with Constants,GRC/PVC,GRC/PVC 90D Beam Clamp,unique
27416,n600 grc/pvc 90 deg beam cl,Feeder with Constants,GRC/PVC,GRC/PVC 90D Beam Clamp,unique
27422,n750 grc/pvc 90 deg beam cl,Feeder with Constants,GRC/PVC,GRC/PVC 90D Beam Clamp,unique
27437,generic fa control panel,Special Systems,Fire Alarm,Generic Fire Alarm,unique
27442,generic fa annunciator,Special Systems,Fire Alarm,Generic Fire Alarm,unique
27445,generic fa initiating devic,Special Systems,Fire Alarm,Generic Fire Alarm,unique
27473,generic fa signaling,Special Systems,Fire Alarm,Generic Fire Alarm,unique
27489,generic fa miscellaneous de,Special Systems,Fire Alarm,Generic Fire Alarm,unique
27499,generic fa device/cable,Special Systems,Fire Alarm,Generic Fire Alarm,unique
27505,fa edwards annumciator,Special Systems,Fire Alarm,Edwards Fire Alarm,unique
27515,fa edwards pull station,Special Systems,Fire Alarm,Edwards Fire Alarm,unique
27523,fa edwards smoke detector,Special Systems,Fire Alarm,Edwards Fire Alarm,unique
27526,"fa edwards horn, speaker, c",Special Systems,Fire Alarm,Edwards Fire Alarm,unique
27532,fa edwards strobe,Special Systems,Fire Alarm,Edwards Fire Alarm,unique
27537,fa edwards bell,Special Systems,Fire Alarm,Edwards Fire Alarm,unique
27541,fire alarm device/cable edw,Special Systems,Fire Alarm,Edwards Fire Alarm,unique
27546,fa plenum shield fplp cable,Special Systems,Fire Alarm,Fire Alarm Cable,unique
27556,fire alarm cable,Special Systems,Fire Alarm,Fire Alarm Cable,unique
27565,residential fa devices,Special Systems,Fire Alarm,Generic Fire Alarm,distance
27566,residential smoke detector,Special Systems,Fire Alarm,Generic Fire Alarm,unique
27567,residential carbon monoxide,Special Systems,Fire Alarm,Generic Fire Alarm,unique
27574,intercom,Special Systems,Audio Visual,,unique
27600,video intercom,Special Systems,Audio Visual,,unique
27624,clock system,Special Systems,Clock,,unique
27641,headwall units,Special Systems,Hospital,,unique
27701,nurse call system - head en,Special Systems,Nurse Call System,,unique
27735,sound systems - signal gene,Special Systems,Audio Visual,,unique
27742,sound systems - signal proc,Special Systems,Audio Visual,,unique
27760,sound generating equipment,Special Systems,Audio Visual,,unique
27774,pro-sound theatrical system,Special Systems,Audio Visual,,unique
27790,theatrical systems - patch,Special Systems,Audio Visual,,unique
27796,theatrical systems - electr,Special Systems,Audio Visual,,unique
27809,theatrical systems-consoles,Special Systems,Audio Visual,,unique
27827,sound systems - sound maski,Special Systems,Audio Visual,,unique
27834,audio visual - source equip,Special Systems,Audio Visual,,unique
27838,audio visual - program & sw,Special Systems,Audio Visual,,unique
27846,audio visual - playback,Special Systems,Audio Visual,,unique
27858,audio visual - remote contr,Special Systems,Audio Visual,,unique
27870,audio visual - interface de,Special Systems,Audio Visual,,unique
27876,audio visual - teleconferen,Special Systems,Audio Visual,,unique
27881,audio visual - patching,Special Systems,Audio Visual,,unique
27887,audio visual - roll down sc,Special Systems,Audio Visual,,unique
27893,audio visual - miscellaneou,Special Systems,Audio Visual,,unique
27899,audio visual - power suppli,Special Systems,Audio Visual,,unique
27904,audio visual - speakers,Special Systems,Audio Visual,,unique
27910,speaker cables,Special Systems,Audio Visual,,unique
27921,tv,Special Systems,TV,,unique
27952,security systems control pa,Special Systems,Security Systems,,unique
28001,access control,Special Systems,Access Control,,unique
28034,surveillance,Special Systems,Audio Visual,,unique
28110,undercarpet wiring,Devices,Undercarpet Wiring,,unique
28111,uc wiring,Special Systems,Under Carpet,,unique
28126,blks 66 w/std off brkt,Voice/Data,Voice,Blocks,unique
28132,blks 66 w/metal housing,Voice/Data,Voice,Blocks,unique
28137,blks 110 w/std off brkt,Voice/Data,Voice,Blocks,unique
28142,cat6 voice outlets,Voice/Data,Voice,Outlets Voice,unique
28178,cat6 plenum voice outlets,Voice/Data,Voice,Outlets Voice,unique
28214,cat6 surface voice outlets,Voice/Data,Voice,Outlets Voice,unique
28235,cat6 surface plenum voice o,Voice/Data,Voice,Outlets Voice,unique
28256,8c  tel outlets 11',Voice/Data,Voice,Outlets Voice,unique
28277,8c  tel outlets 25',Voice/Data,Voice,Outlets Voice,unique
28298,8c  plenum tel outlets 11',Voice/Data,Voice,Outlets Voice,unique
28319,8c  plenum tel outlets 25',Voice/Data,Voice,Outlets Voice,unique
28340,8c  plenum tel outlets cons,Voice/Data,Voice,Outlets Voice,unique
28361,8c plenum voice cable,Voice/Data,Voice,Cable,unique
28366,tel boards/cabinets,Voice/Data,Voice,Boards/Cabinets,distance
28379,aluminum racks,Voice/Data,Voice,Racks,distance
28384,steel racks,Voice/Data,Voice,Racks,distance
28389,steel rack with patch panel,Voice/Data,Voice,Racks,distance
28393,nema 1 free standing cabine,Voice/Data,Voice,Cabinets,distance
28399,nema 12 free standing cabin,Voice/Data,Voice,Cabinets,distance
28412,white cat5e outlets 11',Voice/Data,Voice,Outlets Cat5e,distance
28419,white cat5e outlets 50',Voice/Data,Voice,Outlets Cat5e,distance
28426,white cat5e outlets 100',Voice/Data,Voice,Outlets Cat5e,distance
28433,white cat5e outlets 150',Voice/Data,Voice,Outlets Cat5e,distance
28440,ivory cat5e outlets,Voice/Data,Voice,Outlets Cat5e,distance
28447,grey cat5e outlets,Voice/Data,Voice,Outlets Cat5e,distance
28454,black cat5e outlets,Voice/Data,Voice,Outlets Cat5e,distance
28462,white cat5e plenum 11',Voice/Data,Voice,Outlets Cat5e Plenum,distance
28469,wh cat5e pln outlets 50',Voice/Data,Voice,Outlets Cat5e Plenum,distance
28476,white cat5e plenum outlets,Voice/Data,Voice,Outlets Cat5e Plenum,distance
28483,white cat5e plenum outlets,Voice/Data,Voice,Outlets Cat5e Plenum,distance
28490,ivory cat5e  plenum outlets,Voice/Data,Voice,Outlets Cat5e Plenum,distance
28497,grey cat5e  plenum outlets,Voice/Data,Voice,Outlets Cat5e Plenum,distance
28504,black cat5e  plenum outlets,Voice/Data,Voice,Outlets Cat5e Plenum,distance
28512,wh cat5e surface outlets,Voice/Data,Voice,Outlets Cat5e Surface,distance
28519,iv cat5e surface outlets,Voice/Data,Voice,Outlets Cat5e Surface,distance
28526,gray cat5e surface outlets,Voice/Data,Voice,Outlets Cat5e Surface,distance
28533,blk cat5e surface outlets,Voice/Data,Voice,Outlets Cat5e Surface,distance
28541,wh cat5e plenum surface out,Voice/Data,Voice,Outlets Cat5e Plenum Surface,distance
28548,iv cat5e plenum surface out,Voice/Data,Voice,Outlets Cat5e Plenum Surface,distance
28555,gray cat5e plen surface out,Voice/Data,Voice,Outlets Cat5e Plenum Surface,distance
28562,blk cat5e plen surface outl,Voice/Data,Voice,Outlets Cat5e Plenum Surface,distance
28570,white cat6 surface outlets,Voice/Data,Voice,Outlets Cat6 Surface,distance
28577,ivory cat6 surface outlets,Voice/Data,Voice,Outlets Cat6 Surface,distance
28584,gray cat6 surface outlets,Voice/Data,Voice,Outlets Cat6 Surface,distance
28591,black cat6 surface outlets,Voice/Data,Voice,Outlets Cat6 Surface,distance
28599,white cat6 surface plen out,Voice/Data,Voice,Outlets Cat6 Plenum Surface,distance
28606,ivory cat6 surface plen out,Voice/Data,Voice,Outlets Cat6 Plenum Surface,distance
28613,gray cat6 surface plen outl,Voice/Data,Voice,Outlets Cat6 Plenum Surface,distance
28620,black cat6 surface plen out,Voice/Data,Voice,Outlets Cat6 Plenum Surface,distance
28628,white cat6a surface outlets,Voice/Data,Voice,Outlets Cat6a Surface,distance
28635,ivory cat6a surface outlets,Voice/Data,Voice,Outlets Cat6a Surface,distance
28642,gray cat6a surface outlets,Voice/Data,Voice,Outlets Cat6a Surface,distance
28649,black cat6a surface outlets,Voice/Data,Voice,Outlets Cat6a Surface,distance
28657,white cat6a surface plen ou,Voice/Data,Voice,Outlets Cat6a Plenum Surface,distance
28664,ivory cat6a surface plen ou,Voice/Data,Voice,Outlets Cat6a Plenum Surface,distance
28671,gray cat6a surface plen out,Voice/Data,Voice,Outlets Cat6a Plenum Surface,distance
28678,black cat6a surface plen ou,Voice/Data,Voice,Outlets Cat6a Plenum Surface,distance
28686,white cat7 surface outlets,Voice/Data,Voice,Outlets Cat7 Surface,distance
28693,ivory cat7 surface outlets,Voice/Data,Voice,Outlets Cat7 Surface,distance
28700,gray cat7 surface outlets,Voice/Data,Voice,Outlets Cat7 Surface,distance
28707,black cat7 surface outlets,Voice/Data,Voice,Outlets Cat7 Surface,distance
28715,white cat7 surface plen out,Voice/Data,Voice,Outlets Cat7 Plenum Surface,distance
28722,ivory cat7 surface plen out,Voice/Data,Voice,Outlets Cat7 Plenum Surface,distance
28729,gray cat7 surface plen outl,Voice/Data,Voice,Outlets Cat7 Plenum Surface,distance
28736,black cat7 surface plen out,Voice/Data,Voice,Outlets Cat7 Plenum Surface,distance
28744,white cat6 outlets 11',Voice/Data,Voice,Outlets Cat6,distance
28751,white cat6 outlets 50',Voice/Data,Voice,Outlets Cat6,distance
28758,white cat6 outlets 100',Voice/Data,Voice,Outlets Cat6,distance
28765,white cat6 outlets 150',Voice/Data,Voice,Outlets Cat6,distance
28772,ivory cat6 outlets,Voice/Data,Voice,Outlets Cat6,distance
28779,grey cat6 outlets,Voice/Data,Voice,Outlets Cat6,distance
28786,black cat6 outlets,Voice/Data,Voice,Outlets Cat6,distance
28794,white cat6 plenum outlets 1,Voice/Data,Voice,Outlets Cat6 Plenum,distance
28801,white cat6 plenum outlets 5,Voice/Data,Voice,Outlets Cat6 Plenum,distance
28808,white cat6 plenum outlets 1,Voice/Data,Voice,Outlets Cat6 Plenum,distance
28815,white cat6 plenum outlets 1,Voice/Data,Voice,Outlets Cat6 Plenum,distance
28822,ivory cat6 plenum outlets,Voice/Data,Voice,Outlets Cat6 Plenum,distance
28829,grey cat6 plenum outlets,Voice/Data,Voice,Outlets Cat6 Plenum,distance
28836,black cat6 plenum outlets,Voice/Data,Voice,Outlets Cat6 Plenum,distance
28844,white cat6a outlets 11',Voice/Data,Voice,Outlets Cat6a,distance
28851,white cat6a outlets 50',Voice/Data,Voice,Outlets Cat6a,distance
28858,white cat6a outlets 100',Voice/Data,Voice,Outlets Cat6a,distance
28865,white cat6a outlets 150',Voice/Data,Voice,Outlets Cat6a,distance
28872,ivory cat6a outlets,Voice/Data,Voice,Outlets Cat6a,distance
28879,grey cat6a outlets,Voice/Data,Voice,Outlets Cat6a,distance
28886,black cat6a outlets,Voice/Data,Voice,Outlets Cat6a,distance
28894,white cat6a plenum outlets,Voice/Data,Voice,Outlets Cat6a Plenum,distance
28901,white cat6a plenum outlets,Voice/Data,Voice,Outlets Cat6a Plenum,distance
28908,white cat6a plenum outlets,Voice/Data,Voice,Outlets Cat6a Plenum,distance
28915,white cat6a plenum outlets,Voice/Data,Voice,Outlets Cat6a Plenum,distance
28922,ivory cat6a plenum outlets,Voice/Data,Voice,Outlets Cat6a Plenum,distance
28929,grey cat6a plenum outlets,Voice/Data,Voice,Outlets Cat6a Plenum,distance
28936,black cat6a plenum outlets,Voice/Data,Voice,Outlets Cat6a Plenum,distance
28944,white cat7 outlets 11',Voice/Data,Voice,Outlets Cat7,distance
28951,white cat7 outlets 50',Voice/Data,Voice,Outlets Cat7,distance
28958,white cat7 outlets 100',Voice/Data,Voice,Outlets Cat7,distance
28965,white cat7 outlets 150',Voice/Data,Voice,Outlets Cat7,distance
28972,ivory cat7 outlets 11',Voice/Data,Voice,Outlets Cat7,distance
28979,grey cat7 outlets 11',Voice/Data,Voice,Outlets Cat7,distance
28986,black cat7 outlets 11',Voice/Data,Voice,Outlets Cat7,distance
28994,white cat7 plenum outlets 1,Voice/Data,Voice,Outlets Cat7 Plenum,distance
29001,white cat7 plenum outlets 5,Voice/Data,Voice,Outlets Cat7 Plenum,distance
29008,white cat7 plenum outlets 1,Voice/Data,Voice,Outlets Cat7 Plenum,distance
29015,white cat7 plenum outlets 1,Voice/Data,Voice,Outlets Cat7 Plenum,distance
29022,ivory cat7 plenum outlets 1,Voice/Data,Voice,Outlets Cat7 Plenum,distance
29029,grey cat7 plenum outlets 11,Voice/Data,Voice,Outlets Cat7 Plenum,distance
29036,black cat7 plenum outlets 1,Voice/Data,Voice,Outlets Cat7 Plenum,distance
29043,voice/data cat6 cable w/con,Voice/Data,Voice,Outlets Cable & Constants,distance
29050,voice/data cat6 pln cbl con,Voice/Data,Voice,Outlets Cable & Constants,distance
29057,voice/data cat6a cable w/co,Voice/Data,Voice,Outlets Cable & Constants,distance
29064,voice/data cat6a pln cbl co,Voice/Data,Voice,Outlets Cable & Constants,distance
29071,voice/data cat7 cable w/con,Voice/Data,Voice,Outlets Cable & Constants,distance
29078,voice/data cat7 pln cbl con,Voice/Data,Voice,Outlets Cable & Constants,distance
29085,cat5e cable,Voice/Data,Voice,Cable,distance
29092,cat5e plenum cable,Voice/Data,Voice,Cable,distance
29099,cat6 cable,Voice/Data,Voice,Cable,distance
29106,cat6 plenum cable,Voice/Data,Voice,Cable,distance
29113,cat6a cable,Voice/Data,Voice,Cable,distance
29120,cat6a plenum cable,Voice/Data,Voice,Cable,distance
29127,cat7 cable,Voice/Data,Voice,Cable,distance
29134,cat7 plenum cable,Voice/Data,Voice,Cable,distance
29141,cat5e cable w/hanger,Voice/Data,Voice,Cable,distance
29148,cat5e plenum cable w/hanger,Voice/Data,Voice,Cable,distance
29155,cat6 cable w/hanger,Voice/Data,Voice,Cable,distance
29162,cat6 plenum cable w/hanger,Voice/Data,Voice,Cable,distance
29169,cat6a cable w/hanger,Voice/Data,Voice,Cable,distance
29176,cat6a plenum cable w/hanger,Voice/Data,Voice,Cable,distance
29183,cat7 cable w/hanger,Voice/Data,Voice,Cable,distance
29190,cat7 plenum cable w/hanger,Voice/Data,Voice,Cable,distance
29198,multi mode dist cable OM3 i,Voice/Data,Fiber,Fiber Cable in Innerduct,unique
29209,multi mode dist om3 cable i,Voice/Data,Fiber,Fiber Cable in Innerduct,unique
29218,multi mode in dist om4 cabl,Voice/Data,Fiber,Fiber Cable in Innerduct,unique
29233,multi mode dist cbl OM3 w/2,Voice/Data,Fiber,Fiber Cable in Cable Tray BC,distance
29244,multi mode dist om3 cbl w/2,Voice/Data,Fiber,Fiber Cable in Cable Tray BC,distance
29253,multi mode dist om4 cbl 2d4,Voice/Data,Fiber,Fiber Cable in Cable Tray BC,distance
29268,multi mode dist cbl OM3 w/2,Voice/Data,Fiber,Fiber Cable in Cable Tray BC,distance
29279,multi mode dist om3 cbl w/2,Voice/Data,Fiber,Fiber Cable in Cable Tray BC,distance
29288,multi mode dist om4 cbl 2d4,Voice/Data,Fiber,Fiber Cable in Cable Tray BC,distance
29302,voice/data labels,Voice/Data,Voice,Labels,distance
29308,j-hook pathways,Voice/Data,Pathways,J-Hook Pathways,unique
29339,rj-11 jacks,Voice/Data,Voice,Outlets Voice,distance
29344,voice/data/video outlets,Voice/Data,Voice,Outlets Voice,unique
29362,voice/data/video cables,Voice/Data,Voice,Cable,distance
29385,12.47/7.2 kv single support,T-D Construction,12.47/7.2KV,1 PH Pri Pole Top RUS A,unique
29415,12.47/7.2 kv double support,T-D Construction,12.47/7.2KV,1 PH Pri Pole Top RUS A,unique
29445,12.47/7.2 kv suspension ang,T-D Construction,12.47/7.2KV,1 PH Pri Pole Top RUS A,unique
29456,12.47/7.2kv deadend angle r,T-D Construction,12.47/7.2KV,1 PH Pri Pole Top RUS A,unique
29460,12.47/7.2kv single deadend,T-D Construction,12.47/7.2KV,1 PH Pri Pole Top RUS A,distance
29474,12.47/7.2kv 1ph tap guide r,T-D Construction,12.47/7.2KV,1 PH Pri Pole Top RUS A,unique
29479,12.47/7.2kv 1 d/e on cr-arm,T-D Construction,12.47/7.2KV,1 PH Pri Pole Top RUS A,unique
29483,12.47/7.2kv 2 dead end rus,T-D Construction,12.47/7.2KV,1 PH Pri Pole Top RUS A,unique
29490,12.47/7.2kv single support,T-D Construction,12.47/7.2KV,2 PH Pri Pole Top RUS B,distance
29527,12.47/7.2kv double support,T-D Construction,12.47/7.2KV,2 PH Pri Pole Top RUS B,distance
29565,12.47/7.2kv suspension angl,T-D Construction,12.47/7.2KV,2 PH Pri Pole Top RUS B,distance
29577,12.47/7.2kv d/e angle guide,T-D Construction,12.47/7.2KV,2 PH Pri Pole Top RUS B,distance
29581,12.47/7.2kv single deadend,T-D Construction,12.47/7.2KV,1 PH Pri Pole Top RUS A,distance
29596,12.47/7.2kv double deadend,T-D Construction,12.47/7.2KV,2 PH Pri Pole Top RUS B,unique
29600,12.47/7.2kv single support,T-D Construction,12.47/7.2KV,2 PH Pri Pole Top RUS B,distance
29645,12.47/7.2kv 3 ph jct guide,T-D Construction,12.47/7.2KV,3 PH Pri Pole Top RUS C,unique
29648,12.47/7.2kv double support,T-D Construction,12.47/7.2KV,2 PH Pri Pole Top RUS B,distance
29693,12.47/7.2kv suspension angl,T-D Construction,12.47/7.2KV,2 PH Pri Pole Top RUS B,distance
29707,12.47/7.2kv d/e angle guide,T-D Construction,12.47/7.2KV,2 PH Pri Pole Top RUS B,distance
29711,12.47/7.2kv single deadends,T-D Construction,12.47/7.2KV,3 PH Pri Pole Top RUS C,unique
29723,12.47/7.2kv 1 ph tap guide,T-D Construction,12.47/7.2KV,3 PH Pri Pole Top RUS C,unique
29726,12.47/7.2kv sngl d/e cr-arm,T-D Construction,12.47/7.2KV,3 PH Pri Pole Top RUS C,unique
29738,12.47/7.2kv 3 ph horz tap g,T-D Construction,12.47/7.2KV,3 PH Pri Pole Top RUS C,unique
29741,12.47/7.2kv dbl d/e cr-arm,T-D Construction,12.47/7.2KV,3 PH Pri Pole Top RUS C,unique
29751,12.47/7.2kv sngl sup nar pr,T-D Construction,12.47/7.2KV,Double Circuit Pri  RUS D,unique
29757,12.47/7.2kv sngl sup on cr-,T-D Construction,12.47/7.2KV,Double Circuit Pri  RUS D,unique
29771,12.47/7.2kv dbl sup nar pro,T-D Construction,12.47/7.2KV,Double Circuit Pri  RUS D,unique
29775,12.47/7.2kv dbl sup on cr-a,T-D Construction,12.47/7.2KV,Double Circuit Pri  RUS D,unique
29780,12.47/7.2kv angle gud dbl c,T-D Construction,12.47/7.2KV,Double Circuit Pri  RUS D,unique
29784,12.47/7.2kv 3ph tap dbl cir,T-D Construction,12.47/7.2KV,Double Circuit Pri  RUS D,unique
29787,12.47/7.2kv dbl d/e dbl cir,T-D Construction,12.47/7.2KV,Double Circuit Pri  RUS D,unique
29790,12.47/7.2kv single down guy,T-D Construction,12.47/7.2KV,Guy  Assy Units RUS E,unique
29796,12.47/7.2kv sngl overhead g,T-D Construction,12.47/7.2KV,Guy  Assy Units RUS E,unique
29800,12.47/7.2kv guy strain ins,T-D Construction,12.47/7.2KV,Guy  Assy Units RUS E,unique
29803,12.47/7.2kv mult down guy,T-D Construction,12.47/7.2KV,Guy  Assy Units RUS E,unique
29808,12.47/7.2kv expanding ancho,T-D Construction,12.47/7.2KV,Anchor  Assy Units RUS F,unique
29814,12.47/7.2kv screw anchors r,T-D Construction,12.47/7.2KV,Anchor  Assy Units RUS F,unique
29820,12.47/7.2kv plate anchors r,T-D Construction,12.47/7.2KV,Anchor  Assy Units RUS F,unique
29826,12.47/7.2kv service anchors,T-D Construction,12.47/7.2KV,Anchor  Assy Units RUS F,unique
29830,12.47/7.2kv rock anchors ru,T-D Construction,12.47/7.2KV,Anchor  Assy Units RUS F,unique
29835,12.47/7.2kv swamp anchors r,T-D Construction,12.47/7.2KV,Anchor  Assy Units RUS F,unique
29840,12.47/7.2kv 1 ph transforme,T-D Construction,12.47/7.2KV,Transformer Units RUS G,unique
29849,12.47/7.2kv 2 ph transf ban,T-D Construction,12.47/7.2KV,Transformer Units RUS G,unique
29852,12.47/7.2kv 3 ph transf ban,T-D Construction,12.47/7.2KV,Transformer Units RUS G,unique
29857,12.47/7.2kv grounding units,T-D Construction,12.47/7.2KV,Grounding Units RUS H,unique
29866,12.47/7.2kv secondary units,T-D Construction,12.47/7.2KV,Secondary Units RUS J,unique
29876,12.47/7.2kv service units r,T-D Construction,12.47/7.2KV,Service Units RUS K,unique
29890,12.47/7.2kv tying units rus,T-D Construction,12.47/7.2KV,Tying Units RUS L,unique
29917,12.47/7.2kv neutral units r,T-D Construction,12.47/7.2KV,Neutral Units RUS N,unique
29934,12.47/7.2kv protection unit,T-D Construction,12.47/7.2KV,Protection Units RUS P,unique
29942,12.47/7.2kv meter units rus,T-D Construction,12.47/7.2KV,Meter Units RUS Q,unique
29949,12.47/7.2kv oil circ reclos,T-D Construction,12.47/7.2KV,Oil Circ Recloser RUS R,unique
29961,12.47/7.2kv sectionalizing,T-D Construction,12.47/7.2KV,Sectionalizing RUS S,unique
29980,"12.47/7.2kv poles, cr-arm r",T-D Construction,12.47/7.2KV,"Poles, CR-ARM, Braces RUS W",unique
29984,12.47/7.2kv volt alt equip,T-D Construction,12.47/7.2KV,Volt Alteration Equip RUS Y,unique
30010,single support tangent,T-D Construction,24.9/14.4 KV,1 Ph Pri Pole Top RUS VA,unique
30016,single support tangent post,T-D Construction,24.9/14.4 KV,1 Ph Pri Pole Top RUS VA,unique
30022,single support,T-D Construction,24.9/14.4 KV,1 Ph Pri Pole Top RUS VA,unique
30027,single support post insulat,T-D Construction,24.9/14.4 KV,1 Ph Pri Pole Top RUS VA,unique
30032,single support on crossarm,T-D Construction,24.9/14.4 KV,1 Ph Pri Pole Top RUS VA,unique
30037,sgl support on crossarm pos,T-D Construction,24.9/14.4 KV,1 Ph Pri Pole Top RUS VA,unique
30042,single phase junc guide,T-D Construction,24.9/14.4 KV,1 Ph Pri Pole Top RUS VA,unique
30047,double support misc,T-D Construction,24.9/14.4 KV,1 Ph Pri Pole Top RUS VA,unique
30055,double support,T-D Construction,24.9/14.4 KV,1 Ph Pri Pole Top RUS VA,unique
30059,dbl sup post ins,T-D Construction,24.9/14.4 KV,1 Ph Pri Pole Top RUS VA,unique
30064,dbl sup on crsarms,T-D Construction,24.9/14.4 KV,1 Ph Pri Pole Top RUS VA,unique
30070,suspension angle,T-D Construction,24.9/14.4 KV,1 Ph Pri Pole Top RUS VA,distance
30077,deadend angle 90-150 dg,T-D Construction,24.9/14.4 KV,1 Ph Pri Pole Top RUS VA,unique
30083,single deadend,T-D Construction,24.9/14.4 KV,1 Ph Pri Pole Top RUS VA,unique
30091,single phase tap guide,T-D Construction,24.9/14.4 KV,1 Ph Pri Pole Top RUS VA,distance
30096,single deadend on crsarms,T-D Construction,24.9/14.4 KV,1 Ph Pri Pole Top RUS VA,unique
30102,dbl deadend (straight),T-D Construction,24.9/14.4 KV,1 Ph Pri Pole Top RUS VA,unique
30107,dbl deadend (feed thru),T-D Construction,24.9/14.4 KV,1 Ph Pri Pole Top RUS VA,unique
30112,dbl deadend on crsarms,T-D Construction,24.9/14.4 KV,1 Ph Pri Pole Top RUS VA,unique
30117,dbl deadend fd-thru crsarms,T-D Construction,24.9/14.4 KV,1 Ph Pri Pole Top RUS VA,unique
30122,sgl sup crsarm tang,T-D Construction,24.9/14.4 KV,2 Ph Pri Pole Top RUS VB,unique
30128,sgl sup crsarm tang post in,T-D Construction,24.9/14.4 KV,2 Ph Pri Pole Top RUS VB,unique
30134,sgl sup on crossarm,T-D Construction,24.9/14.4 KV,2 Ph Pri Pole Top RUS VB,distance
30139,sgl sup on crossarm post in,T-D Construction,24.9/14.4 KV,2 Ph Pri Pole Top RUS VB,distance
30143,sgl sup neut on crsarm,T-D Construction,24.9/14.4 KV,2 Ph Pri Pole Top RUS VB,unique
30148,sgl sup neut on crsarm post,T-D Construction,24.9/14.4 KV,2 Ph Pri Pole Top RUS VB,unique
30153,dbl sup neut on crsarm,T-D Construction,24.9/14.4 KV,2 Ph Pri Pole Top RUS VB,unique
30161,suspension angle,T-D Construction,24.9/14.4 KV,1 Ph Pri Pole Top RUS VA,distance
30169,sgl sup on crsarm tang,T-D Construction,24.9/14.4 KV,3 Ph Pri Pole Top RUS VC,unique
30175,sgl sup on crsarm tang lg c,T-D Construction,24.9/14.4 KV,3 Ph Pri Pole Top RUS VC,unique
30181,sgl sup on crsarm tang post,T-D Construction,24.9/14.4 KV,3 Ph Pri Pole Top RUS VC,unique
30187,sgl sup on crossarm,T-D Construction,24.9/14.4 KV,2 Ph Pri Pole Top RUS VB,distance
30192,sgl sup on crossarm lg cond,T-D Construction,24.9/14.4 KV,3 Ph Pri Pole Top RUS VC,unique
30197,sgl sup on crossarm post in,T-D Construction,24.9/14.4 KV,2 Ph Pri Pole Top RUS VB,distance
30202,sgl sup neut on crossarm,T-D Construction,24.9/14.4 KV,3 Ph Pri Pole Top RUS VC,unique
30207,sgl sup neut on crossarm lg,T-D Construction,24.9/14.4 KV,3 Ph Pri Pole Top RUS VC,unique
30212,sgl sup neut on crossarm po,T-D Construction,24.9/14.4 KV,3 Ph Pri Pole Top RUS VC,unique
30217,three phase junction guide,T-D Construction,24.9/14.4 KV,3 Ph Pri Pole Top RUS VC,unique
30222,double support on crossarms,T-D Construction,24.9/14.4 KV,3 Ph Pri Pole Top RUS VC,unique
30227,double support on crossarms,T-D Construction,24.9/14.4 KV,3 Ph Pri Pole Top RUS VC,unique
30232,dbl support on crossarms po,T-D Construction,24.9/14.4 KV,3 Ph Pri Pole Top RUS VC,distance
30237,dbl support neut on crossar,T-D Construction,24.9/14.4 KV,3 Ph Pri Pole Top RUS VC,unique
30242,dbl support neut on crsarms,T-D Construction,24.9/14.4 KV,3 Ph Pri Pole Top RUS VC,unique
30247,dbl spt neut on crsarms pos,T-D Construction,24.9/14.4 KV,3 Ph Pri Pole Top RUS VC,unique
30252,dbl spt on 10ft crossarms,T-D Construction,24.9/14.4 KV,3 Ph Pri Pole Top RUS VC,unique
30257,dbl spt on 10ft crossarms l,T-D Construction,24.9/14.4 KV,3 Ph Pri Pole Top RUS VC,unique
30262,dbl spt on 10ft crossarms p,T-D Construction,24.9/14.4 KV,3 Ph Pri Pole Top RUS VC,unique
30267,suspension angle,T-D Construction,24.9/14.4 KV,1 Ph Pri Pole Top RUS VA,distance
30272,suspension angle lg cond,T-D Construction,24.9/14.4 KV,3 Ph Pri Pole Top RUS VC,unique
30277,deadend angle (acute),T-D Construction,24.9/14.4 KV,3 Ph Pri Pole Top RUS VC,unique
30282,deadend angle lg conductor,T-D Construction,24.9/14.4 KV,3 Ph Pri Pole Top RUS VC,unique
30287,single deadend-vertical,T-D Construction,24.9/14.4 KV,3 Ph Pri Pole Top RUS VC,unique
30292,single deadend-vertical lg,T-D Construction,24.9/14.4 KV,3 Ph Pri Pole Top RUS VC,unique
30297,single phase tap guide,T-D Construction,24.9/14.4 KV,1 Ph Pri Pole Top RUS VA,distance
30302,single deadend on crsarm,T-D Construction,24.9/14.4 KV,3 Ph Pri Pole Top RUS VC,unique
30308,single deadend on crsarm as,T-D Construction,24.9/14.4 KV,3 Ph Pri Pole Top RUS VC,unique
30313,three ph horiz tap guide,T-D Construction,24.9/14.4 KV,3 Ph Pri Pole Top RUS VC,unique
30318,dbl deadend crossarms,T-D Construction,24.9/14.4 KV,3 Ph Pri Pole Top RUS VC,unique
30326,sgl support tan crsarms,T-D Construction,24.9/14.4 KV,Dbl Circ Pri Pole Top RUS VD,unique
30335,sgl sup on crossarms lg con,T-D Construction,24.9/14.4 KV,Dbl Circ Pri Pole Top RUS VD,unique
30340,sgl sup on crossarms lg con,T-D Construction,24.9/14.4 KV,Dbl Circ Pri Pole Top RUS VD,unique
30345,sgl sup on crossarms post c,T-D Construction,24.9/14.4 KV,Dbl Circ Pri Pole Top RUS VD,unique
30350,dbl support on crossarms,T-D Construction,24.9/14.4 KV,Dbl Circ Pri Pole Top RUS VD,unique
30355,dbl support on crossarms lg,T-D Construction,24.9/14.4 KV,Dbl Circ Pri Pole Top RUS VD,unique
30360,dbl support on crossarms po,T-D Construction,24.9/14.4 KV,3 Ph Pri Pole Top RUS VC,distance
30365,suspension angle guide,T-D Construction,24.9/14.4 KV,Dbl Circ Pri Pole Top RUS VD,unique
30370,deadend angle guide,T-D Construction,24.9/14.4 KV,Dbl Circ Pri Pole Top RUS VD,unique
30375,three phase tap guide,T-D Construction,24.9/14.4 KV,Dbl Circ Pri Pole Top RUS VD,unique
30380,dbl ddends crsarms (feedthr,T-D Construction,24.9/14.4 KV,Dbl Circ Pri Pole Top RUS VD,unique
30385,single down guy (thru bolt,T-D Construction,24.9/14.4 KV,Guying Assy Units RUS E,unique
30390,single down guy (thru bolt,T-D Construction,24.9/14.4 KV,Guying Assy Units RUS E,unique
30396,single down guy hd (thru bo,T-D Construction,24.9/14.4 KV,Guying Assy Units RUS E,unique
30401,double down guy hd (thru bo,T-D Construction,24.9/14.4 KV,Guying Assy Units RUS E,unique
30406,three down guy hd (thru bol,T-D Construction,24.9/14.4 KV,Guying Assy Units RUS E,unique
30411,single down guy (wrapped ty,T-D Construction,24.9/14.4 KV,Guying Assy Units RUS E,unique
30416,sgl dn guy large cond (pole,T-D Construction,24.9/14.4 KV,Guying Assy Units RUS E,unique
30421,four dn guy large cond (pol,T-D Construction,24.9/14.4 KV,Guying Assy Units RUS E,unique
30426,guy strain insulator guide,T-D Construction,24.9/14.4 KV,Guying Assy Units RUS E,unique
30431,expanding type anchors,T-D Construction,24.9/14.4 KV,Anchor Assy Units RUS F,unique
30439,screw anchors (power instal,T-D Construction,24.9/14.4 KV,Anchor Assy Units RUS F,unique
30447,plate type anchors,T-D Construction,24.9/14.4 KV,Anchor Assy Units RUS F,unique
30455,service anchors,T-D Construction,24.9/14.4 KV,Anchor Assy Units RUS F,unique
30461,rock anchors,T-D Construction,24.9/14.4 KV,Anchor Assy Units RUS F,unique
30468,swamp anchors (power instal,T-D Construction,24.9/14.4 KV,Anchor Assy Units RUS F,unique
30475,"sgl-phase, csp transf (tan",T-D Construction,24.9/14.4 KV,Transformer Assy Units RUS VG & G,unique
30480,"sgl-phase, csp transf (dden",T-D Construction,24.9/14.4 KV,Transformer Assy Units RUS VG & G,unique
30485,"sgl-phase, conv transf (tan",T-D Construction,24.9/14.4 KV,Transformer Assy Units RUS VG & G,unique
30491,"sgl-phase, conv transf (dde",T-D Construction,24.9/14.4 KV,Transformer Assy Units RUS VG & G,unique
30495,"sgl-phase, conv transf (tan",T-D Construction,24.9/14.4 KV,Transformer Assy Units RUS VG & G,unique
30500,"sgl-phase, conv transf (dde",T-D Construction,24.9/14.4 KV,Transformer Assy Units RUS VG & G,unique
30505,2ph trans bl op-y pri op dl,T-D Construction,24.9/14.4 KV,Transformer Assy Units RUS VG & G,unique
30510,3ph trans bl ug-y pri ct gr,T-D Construction,24.9/14.4 KV,Transformer Assy Units RUS VG & G,unique
30515,3ph trans bl ug-y pri ct gr,T-D Construction,24.9/14.4 KV,Transformer Assy Units RUS VG & G,unique
30525,grounding assy ground rod t,T-D Construction,24.9/14.4 KV,Grounding Assy Units RUS H,unique
30530,grounding assy trench type,T-D Construction,24.9/14.4 KV,Grounding Assy Units RUS H,unique
30535,gr assy-gr rod tp 4 sect ai,T-D Construction,24.9/14.4 KV,Grounding Assy Units RUS H,unique
30540,gr assy-pt fm tp 4 sect air,T-D Construction,24.9/14.4 KV,Grounding Assy Units RUS H,unique
30551,secondary assemblies (large,T-D Construction,24.9/14.4 KV,Secondary Assy Units RUS J,unique
30557,secondary assemblies (deade,T-D Construction,24.9/14.4 KV,Secondary Assy Units RUS J,unique
30563,service assemblies (pole mo,T-D Construction,24.9/14.4 KV,Service Assy Units RUS K,unique
30571,service assemblies,T-D Construction,24.9/14.4 KV,Service Assy Units RUS K,unique
30578,service assemblies (mast ty,T-D Construction,24.9/14.4 KV,Service Assy Units RUS K,unique
30584,tying guide primary angle a,T-D Construction,24.9/14.4 KV,Tying Guides RUS VL & L,unique
30589,tying guide primary deadend,T-D Construction,24.9/14.4 KV,Tying Guides RUS VL & L,unique
30594,tying guide neutral angle a,T-D Construction,24.9/14.4 KV,Tying Guides RUS VL & L,unique
30599,tying guide neutral deadend,T-D Construction,24.9/14.4 KV,Tying Guides RUS VL & L,unique
30604,tying gd neutral & sec angl,T-D Construction,24.9/14.4 KV,Tying Guides RUS VL & L,unique
30609,tying gd neutral & sec dden,T-D Construction,24.9/14.4 KV,Tying Guides RUS VL & L,unique
30613,tying gd neut & sec ddend a,T-D Construction,24.9/14.4 KV,Tying Guides RUS VL & L,unique
30618,tying guide service assembl,T-D Construction,24.9/14.4 KV,Tying Guides RUS VL & L,unique
30623,tying guide service assembl,T-D Construction,24.9/14.4 KV,Tying Guides RUS VL & L,unique
30630,neutral assemblies-tangent,T-D Construction,24.9/14.4 KV,Neutral Assy Units RUS N,unique
30636,neutral support on crossarm,T-D Construction,24.9/14.4 KV,Neutral Assy Units RUS N,unique
30642,neutral assemblies-large an,T-D Construction,24.9/14.4 KV,Neutral Assy Units RUS N,unique
30649,neutral assemblies-single d,T-D Construction,24.9/14.4 KV,Neutral Assy Units RUS N,unique
30655,neutral assembly-double dea,T-D Construction,24.9/14.4 KV,Neutral Assy Units RUS N,unique
30660,neutral assembly-dbl ddend,T-D Construction,24.9/14.4 KV,Neutral Assy Units RUS N,unique
30665,surge arresters-single phas,T-D Construction,24.9/14.4 KV,Protection Assy Units RUS VP & P,unique
30671,surge arresters-3-single ph,T-D Construction,24.9/14.4 KV,Protection Assy Units RUS VP & P,unique
30676,pole protection assembly-pl,T-D Construction,24.9/14.4 KV,Protection Assy Units RUS VP & P,unique
30681,pole protection assem-wrap,T-D Construction,24.9/14.4 KV,Protection Assy Units RUS VP & P,unique
30687,sec metering sgl ph 120/240,T-D Construction,24.9/14.4 KV,Metering Assy Units RUS Q,unique
30692,sec metering 3 ph 120/240 v,T-D Construction,24.9/14.4 KV,Metering Assy Units RUS Q,unique
30697,secd metering 3 ph 240/480,T-D Construction,24.9/14.4 KV,Metering Assy Units RUS Q,unique
30702,secd metering 3 ph 120/208,T-D Construction,24.9/14.4 KV,Metering Assy Units RUS Q,unique
30707,primary met 3-ph 4-wire grd,T-D Construction,24.9/14.4 KV,Metering Assy Units RUS Q,unique
30712,oil circuit recloser,T-D Construction,24.9/14.4 KV,Oil Circ Recloser Units RUS VR,unique
30717,oil circuit recloser w/bypa,T-D Construction,24.9/14.4 KV,Oil Circ Recloser Units RUS VR,unique
30722,(three) oil circuit reclose,T-D Construction,24.9/14.4 KV,Oil Circ Recloser Units RUS VR,unique
30727,(3) oil circuit reclosers w,T-D Construction,24.9/14.4 KV,Oil Circ Recloser Units RUS VR,unique
30732,misc cutouts & disconnect s,T-D Construction,24.9/14.4 KV,Sectionalizing Assy Units RUS VS,unique
30739,cutout-single phase,T-D Construction,24.9/14.4 KV,Sectionalizing Assy Units RUS VS,unique
30744,cutout-(3) single phase,T-D Construction,24.9/14.4 KV,Sectionalizing Assy Units RUS VS,unique
30749,disconnect switches 3 sgl p,T-D Construction,24.9/14.4 KV,Sectionalizing Assy Units RUS VS,unique
30754,group-oper airbreak 3-ph,T-D Construction,24.9/14.4 KV,Sectionalizing Assy Units RUS VS,unique
30759,crossarm braces,T-D Construction,24.9/14.4 KV,Wood Poles &  Cross Arms RUS W,unique
30765,"voltage reg, pole mnt 1-sgl",T-D Construction,24.9/14.4 KV,Votage Alt Equip RUS VY,unique
30770,"voltage reg, pole mnt 3-sgl",T-D Construction,24.9/14.4 KV,Votage Alt Equip RUS VY,unique
30775,"voltage reg, pole mnt 3-sgl",T-D Construction,24.9/14.4 KV,Votage Alt Equip RUS VY,unique
30779,three phase capacitor bank,T-D Construction,24.9/14.4 KV,Votage Alt Equip RUS VY,unique
30784,single rod log anchor,T-D Construction,115 - 230 KV,Anchors,distance
30789,double rod log anchor,T-D Construction,115 - 230 KV,Anchors,distance
30794,steel cross plate,T-D Construction,115 - 230 KV,Anchors,distance
30801,power screw anchors,T-D Construction,115 - 230 KV,Anchors,distance
30807,"light duty, one foot bracke",T-D Construction,115 - 230 KV,Bracket & Guy Attachment,distance
30814,"medium duty, 1'-0 bracket",T-D Construction,115 - 230 KV,Bracket & Guy Attachment,distance
30821,medium duty 2'-0 & 3'-6 b,T-D Construction,115 - 230 KV,Bracket & Guy Attachment,loose
30830,automatic w/thimble clevis,T-D Construction,115 - 230 KV,Guying Assemblies,distance
30838,automatic w/thimble clevis,T-D Construction,115 - 230 KV,Guying Assemblies,distance
30846,automatic w/thimble clevis,T-D Construction,115 - 230 KV,Guying Assemblies,distance
30851,factory w/thimble clevis 20,T-D Construction,115 - 230 KV,Guying Assemblies,distance
30859,factory w/thimble clevis 35,T-D Construction,115 - 230 KV,Guying Assemblies,distance
30867,factory w/thimble clevis 50,T-D Construction,115 - 230 KV,Guying Assemblies,distance
30872,3 bolt clamp w/guy link-med,T-D Construction,115 - 230 KV,Guying Assemblies,distance
30880,3 bolt clamp w/guy thimble,T-D Construction,115 - 230 KV,Guying Assemblies,distance
30887,"3-bolt clamp w/clevis 20,00",T-D Construction,115 - 230 KV,Guying Assemblies,distance
30895,"3-bolt clamp w/clevis 35,40",T-D Construction,115 - 230 KV,Guying Assemblies,distance
30903,"3-bolt clamp w/clevis 50,00",T-D Construction,115 - 230 KV,Guying Assemblies,distance
30908,wrap,T-D Construction,115 - 230 KV,Guying Assemblies,distance
30915,multi pole & anchor groundi,T-D Construction,115 - 230 KV,Grounding Assemblies,distance
30928,pole ground and butt wrap,T-D Construction,115 - 230 KV,Grounding Assemblies,distance
30934,light duty guying plate,T-D Construction,115 - 230 KV,Guy Attachments,distance
30942,light duty wrap,T-D Construction,115 - 230 KV,Guy Attachments,distance
30950,light duty pole eye plates,T-D Construction,115 - 230 KV,Guy Attachments,distance
30958,medium duty guying tees,T-D Construction,115 - 230 KV,Guy Attachments,distance
30970,medium duty pole eye plates,T-D Construction,115 - 230 KV,Guy Attachments,distance
30976,heavy duty guying tees,T-D Construction,115 - 230 KV,Guy Attachments,unique
30981,heavy duty pole bands,T-D Construction,115 - 230 KV,Guy Attachments,unique
30986,line post,T-D Construction,115 - 230 KV,Insulator Assemblies,distance
30994,insulator string w/suspensi,T-D Construction,115 - 230 KV,Insulator Assemblies,distance
31000,insulator string w/ cushion,T-D Construction,115 - 230 KV,Insulator Assemblies,distance
31008,miscellaneous hardware,T-D Construction,115 - 230 KV,Miscellaneous Assemblies,distance
31013,cushioned susp & susp clamp,T-D Construction,115 - 230 KV,OH Ground Wire Assemblies,distance
31024,oh  ground wire support Ass,T-D Construction,115 - 230 KV,OH Ground Wire Support Assy,distance
31029,steel tie angle,T-D Construction,115 - 230 KV,OH Ground Wire Support Assy,unique
31037,light duty - guying plate,T-D Construction,115 - 230 KV,Dead End Poles Tie Assemblies,distance
31046,light duty - wrap,T-D Construction,115 - 230 KV,Dead End Poles Tie Assemblies,distance
31054,light duty - pole eye plate,T-D Construction,115 - 230 KV,Dead End Poles Tie Assemblies,distance
31062,medium duty - bands,T-D Construction,115 - 230 KV,Dead End Poles Tie Assemblies,distance
31070,medium duty -  pole eye pla,T-D Construction,115 - 230 KV,Dead End Poles Tie Assemblies,distance
31078,medium duty - guying tees,T-D Construction,115 - 230 KV,Dead End Poles Tie Assemblies,distance
31086,medium duty - tees & guy li,T-D Construction,115 - 230 KV,Dead End Poles Tie Assemblies,unique
31093,tangent horizontal line pos,T-D Construction,34.5 - 69 KV,Transmission Tangent Structure,unique
31099,tangent horizontal line pos,T-D Construction,34.5 - 69 KV,Transmission Tangent Structure,unique
31105,tangent line post-no ohgw,T-D Construction,34.5 - 69 KV,Transmission Tangent Structure,unique
31110,tangent line post 46kv-no o,T-D Construction,34.5 - 69 KV,Transmission Tangent Structure,unique
31115,dbl circuit tang line post-,T-D Construction,34.5 - 69 KV,Transmission Tangent Structure,unique
31120,dbl circuit tangent line po,T-D Construction,34.5 - 69 KV,Transmission Tangent Structure,unique
31125,tangent single pole-post su,T-D Construction,34.5 - 69 KV,Transmission Tangent Structure,unique
31129,tangent pin type insulator-,T-D Construction,34.5 - 69 KV,Transmission Tangent Structure,unique
31134,tangent pin type insulator-,T-D Construction,34.5 - 69 KV,Transmission Tangent Structure,unique
31139,tan pin type insul dbl circ,T-D Construction,34.5 - 69 KV,Transmission Tangent Structure,unique
31144,tan pin type insul dbl circ,T-D Construction,34.5 - 69 KV,Transmission Tangent Structure,unique
31154,small angle horiz line post,T-D Construction,34.5 - 69 KV,Transmission Angle Structure,unique
31168,small angle horz line post-,T-D Construction,34.5 - 69 KV,Transmission Angle Structure,unique
31179,small angle horz line post,T-D Construction,34.5 - 69 KV,Transmission Angle Structure,unique
31192,small angle horz line post-,T-D Construction,34.5 - 69 KV,Transmission Angle Structure,unique
31203,small angle single pole sus,T-D Construction,34.5 - 69 KV,Transmission Angle Structure,unique
31209,115kv tangent horz line pos,T-D Construction,115 - 230 KV,115KV Trans Tangent Structure,unique
31212,138kv tangent horz line pos,T-D Construction,115 - 230 KV,138KV Trans Tangent Structure,unique
31216,115kv small angle horz line,T-D Construction,115 - 230 KV,115 KV Trans Angle Structure,unique
31221,138kv small angle horz line,T-D Construction,115 - 230 KV,138 KV Trans Angle Structure,unique
31228,sgl ph cable deadend termin,T-D Construction,Underground,1 Ph Pri Term Pole RUS UA,unique
31235,sgl ph cable tangent termin,T-D Construction,Underground,1 Ph Pri Term Pole RUS UA,unique
31240,vee-ph cable ter pole w/cut,T-D Construction,Underground,VEE Ph Pri Term Pole RUS UB,unique
31247,3-ph cable term p w/cutouts,T-D Construction,Underground,3 Ph Pri Term Pole RUS UC,unique
31254,3-ph cab ddend term pole w/,T-D Construction,Underground,3 Ph Pri Term Pole RUS UC,unique
31258,3-ph cab tang term pole w/d,T-D Construction,Underground,3 Ph Pri Term Pole RUS UC,unique
31262,sgl ph pad mtn trans (radia,T-D Construction,Underground,Pad Mtd TRANSF RUS UG,unique
31266,sgl ph pad mtn trans (loop,T-D Construction,Underground,Pad Mtd TRANSF RUS UG,unique
31270,3-ph pad mtn trans (radial,T-D Construction,Underground,Pad Mtd TRANSF RUS UG,unique
31274,3-ph pad mtn trans (loop fe,T-D Construction,Underground,Pad Mtd TRANSF RUS UG,unique
31278,3-ph pad mtn trans (lp w/ra,T-D Construction,Underground,Pad Mtd TRANSF RUS UG,unique
31282,secondary connector blocks,T-D Construction,Underground,SEC TRANSF Blocks RUS UJ,unique
31290,secondary connector blocks,T-D Construction,Underground,SEC TRANSF Blocks RUS UJ,unique
31298,secondary pedestal uk cable,T-D Construction,Underground,Secondary RUS UK,unique
31302,secondary handhole uk cable,T-D Construction,Underground,Secondary RUS UK,unique
31306,transformer pads,T-D Construction,Underground,TRANSF PAD RUS Um1,unique
31310,3 ph transformer concrete p,T-D Construction,Underground,TRANSF PAD RUS Um1,unique
31314,#4 reinforcing bar,T-D Construction,Underground,TRANSF PAD RUS Um1,unique
31327,slg ph sectionalizing enclo,T-D Construction,Underground,Sectionalizing RUS UM3,unique
31331,sgl ph pad mtn sectional or,T-D Construction,Underground,Sectionalizing RUS UM3,unique
31336,3-sgl ph pad mtn reclosers,T-D Construction,Underground,Sectionalizing RUS UM3,unique
31340,secondary cable terminal po,T-D Construction,Underground,Second Term Pole RUS UM5,unique
31344,sgl ph reg assem w/ bp swt,T-D Construction,Underground,Regulator RUS UM7,unique
31348,meter install ug source,T-D Construction,Underground,Metering RUS UM8,unique
31352,meter prdestal wood post,T-D Construction,Underground,Metering RUS UM8,unique
31356,meter & swit install ug sou,T-D Construction,Underground,Metering RUS UM8,unique
31360,c.t. meter install sgl phas,T-D Construction,Underground,Metering RUS UM8,unique
31364,c.t. meter install 3 phase,T-D Construction,Underground,Metering RUS UM8,unique
31368,pad mtn swit capacitor encl,T-D Construction,Underground,Miscellaneous RUS UM9,unique
31372,sac anode 4-cable splice pr,T-D Construction,Underground,Corrosion Control RUS UM27,unique
31376,sac anode 4 equip gr protec,T-D Construction,Underground,Corrosion Control RUS UM27,unique
31381,sac anode 4 cable gr protec,T-D Construction,Underground,Corrosion Control RUS UM27,unique
31385,multi ph sect encl pad/slee,T-D Construction,Underground,Sectionalizing RUS UM33,unique
31389,grd assem pas mtn sgl ph tr,T-D Construction,Underground,Grounding RUS UM48,unique
31393,grd assem  mtn multi ph tra,T-D Construction,Underground,Grounding RUS UM48,unique
31397,grd assem  ug primary cable,T-D Construction,Underground,Grounding RUS UM48,unique
31401,grd assem  ug prim cab w/ t,T-D Construction,Underground,Grounding RUS UM48,unique
31405,grd grid pad mtn eq install,T-D Construction,Underground,Grounding RUS UM48,unique
31408,grd array 4 pad mtn eq inst,T-D Construction,Underground,Grounding RUS UM48,unique
31412,sgl ph pad-mtn trans def un,T-D Construction,Underground,Guideline Drawings RUS UX,unique
31416,sgl ph trans def unit pad-s,T-D Construction,Underground,Guideline Drawings RUS UX,unique
31420,$1 dollar material,1$ Mat & 1 Hr Labor,,,unique
31439,one hour labor,1$ Mat & 1 Hr Labor,,,unique
31466,#3 emt d/s strap const al w,Feeder with Constants,EMT Aluminum wire feeders,alum feeders d/s strap,unique
31472,#2 emt d/s strap const al w,Feeder with Constants,EMT Aluminum wire feeders,alum feeders d/s strap,unique
31478,#1 emt d/s strap const al w,Feeder with Constants,EMT Aluminum wire feeders,alum feeders d/s strap,unique
31484,#1/0 emt d/s strap const al,Feeder with Constants,EMT Aluminum wire feeders,alum feeders d/s strap,unique
31490,#2/0 emt d/s strap const al,Feeder with Constants,EMT Aluminum wire feeders,alum feeders d/s strap,unique
31496,#3/0 emt d/s strap const al,Feeder with Constants,EMT Aluminum wire feeders,alum feeders d/s strap,unique
31502,#4/0 emt d/s strap const al,Feeder with Constants,EMT Aluminum wire feeders,alum feeders d/s strap,unique
31508,#250 emt d/s strap const al,Feeder with Constants,EMT Aluminum wire feeders,alum feeders d/s strap,unique
31514,#300 emt d/s strap const al,Feeder with Constants,EMT Aluminum wire feeders,alum feeders d/s strap,unique
31520,#350 emt d/s strap const al,Feeder with Constants,EMT Aluminum wire feeders,alum feeders d/s strap,unique
31526,#400 emt d/s strap const al,Feeder with Constants,EMT Aluminum wire feeders,alum feeders d/s strap,unique
31532,#500 emt d/s strap const al,Feeder with Constants,EMT Aluminum wire feeders,alum feeders d/s strap,unique
31538,#600 emt d/s strap const al,Feeder with Constants,EMT Aluminum wire feeders,alum feeders d/s strap,unique
31544,#750 emt d/s strap const  a,Feeder with Constants,EMT Aluminum wire feeders,alum feeders d/s strap,unique
31550,#3 emt d/s strap conc const,Feeder with Constants,EMT Aluminum wire feeders,alum feeders d/s concrete,unique
31556,#2 emt d/s strap conc const,Feeder with Constants,EMT Aluminum wire feeders,alum feeders d/s concrete,unique
31562,#1 emt d/s strap conc const,Feeder with Constants,EMT Aluminum wire feeders,alum feeders d/s concrete,unique
31568,#1/0 emt d/s strap conc con,Feeder with Constants,EMT Aluminum wire feeders,alum feeders d/s concrete,unique
31574,#2/0 emt d/s strap conc con,Feeder with Constants,EMT Aluminum wire feeders,alum feeders d/s concrete,unique
31580,#3/0 emt d/s strap conc con,Feeder with Constants,EMT Aluminum wire feeders,alum feeders d/s concrete,unique
31586,#4/0 emt d/s strap conc con,Feeder with Constants,EMT Aluminum wire feeders,alum feeders d/s concrete,unique
31592,#250 emt d/s strap conc con,Feeder with Constants,EMT Aluminum wire feeders,alum feeders d/s concrete,unique
31598,#300 emt d/s strap conc con,Feeder with Constants,EMT Aluminum wire feeders,alum feeders d/s concrete,unique
31604,#350 emt d/s strap conc con,Feeder with Constants,EMT Aluminum wire feeders,alum feeders d/s concrete,unique
31610,n400 emt d/s strap conc con,Feeder with Constants,EMT Aluminum wire feeders,alum feeders d/s concrete,unique
31616,#500 emt d/s strap conc con,Feeder with Constants,EMT Aluminum wire feeders,alum feeders d/s concrete,unique
31622,#600 emt d/s strap conc con,Feeder with Constants,EMT Aluminum wire feeders,alum feeders d/s concrete,unique
31628,#750 emt d/s strap conc con,Feeder with Constants,EMT Aluminum wire feeders,alum feeders d/s concrete,unique
31635,#3 emt d/s rack const al wi,Feeder with Constants,EMT Aluminum wire feeders,alum feeders d/s rack,unique
31641,#2 emt d/s rack const al wi,Feeder with Constants,EMT Aluminum wire feeders,alum feeders d/s rack,unique
31647,#1 emt d/s rack const al wi,Feeder with Constants,EMT Aluminum wire feeders,alum feeders d/s rack,unique
31653,#1/0 emt d/s rack const al,Feeder with Constants,EMT Aluminum wire feeders,alum feeders d/s rack,unique
31659,#2/0 emt d/s rack const al,Feeder with Constants,EMT Aluminum wire feeders,alum feeders d/s rack,unique
31665,#3/0 emt d/s rack const al,Feeder with Constants,EMT Aluminum wire feeders,alum feeders d/s rack,unique
31671,#4/0 emt d/s rack const al,Feeder with Constants,EMT Aluminum wire feeders,alum feeders d/s rack,unique
31677,#250 emt d/s rack const al,Feeder with Constants,EMT Aluminum wire feeders,alum feeders d/s rack,unique
31683,#300 emt d/s rack const al,Feeder with Constants,EMT Aluminum wire feeders,alum feeders d/s rack,unique
31689,#350 emt d/s rack const al,Feeder with Constants,EMT Aluminum wire feeders,alum feeders d/s rack,unique
31695,#400 emt d/s rack const al,Feeder with Constants,EMT Aluminum wire feeders,alum feeders d/s rack,unique
31701,#500 emt d/s rack const al,Feeder with Constants,EMT Aluminum wire feeders,alum feeders d/s rack,unique
31707,#600 emt d/s rack const al,Feeder with Constants,EMT Aluminum wire feeders,alum feeders d/s rack,unique
31713,#750 emt d/s rack const al,Feeder with Constants,EMT Aluminum wire feeders,alum feeders d/s rack,unique
31720,#3 emt d/s beam clamp 85A,Feeder with Constants,EMT Aluminum wire feeders,alum feeders d/s beam,unique
31726,#2 emt d/s beam clamp 100A,Feeder with Constants,EMT Aluminum wire feeders,alum feeders d/s beam,unique
31732,#1 emt d/s beam clamp 115A,Feeder with Constants,EMT Aluminum wire feeders,alum feeders d/s beam,unique
31738,#1/0 emt d/s beam clamp 135,Feeder with Constants,EMT Aluminum wire feeders,alum feeders d/s beam,unique
31744,#2/0 emt d/s beam clamp 150,Feeder with Constants,EMT Aluminum wire feeders,alum feeders d/s beam,unique
31750,#3/0 emt d/s beam clamp 175,Feeder with Constants,EMT Aluminum wire feeders,alum feeders d/s beam,unique
31756,#4/0 emt d/s beam clamp 205,Feeder with Constants,EMT Aluminum wire feeders,alum feeders d/s beam,unique
31762,#250 emt d/s beam clamp 230,Feeder with Constants,EMT Aluminum wire feeders,alum feeders d/s beam,unique
31768,#300 emt d/s beam clamp 255,Feeder with Constants,EMT Aluminum wire feeders,alum feeders d/s beam,unique
31774,#350 emt d/s beam clamp 280,Feeder with Constants,EMT Aluminum wire feeders,alum feeders d/s beam,unique
31780,#400 emt d/s beam clamp 305,Feeder with Constants,EMT Aluminum wire feeders,alum feeders d/s beam,unique
31786,#500 emt d/s beam clamp 350,Feeder with Constants,EMT Aluminum wire feeders,alum feeders d/s beam,unique
31792,#600 emt d/s beam clamp 385,Feeder with Constants,EMT Aluminum wire feeders,alum feeders d/s beam,unique
31798,#750 emt d/s beam clamp,Feeder with Constants,EMT Aluminum wire feeders,alum feeders d/s beam,unique
31811,#2 emt s/c strap const Al W,Feeder with Constants,EMT Aluminum wire feeders,alum feeders s/c concrete,unique
31817,#1 emt s/c strap const Al W,Feeder with Constants,EMT Aluminum wire feeders,alum feeders s/c concrete,unique
31823,#1/0 emt s/c strap const Al,Feeder with Constants,EMT Aluminum wire feeders,alum feeders s/c concrete,unique
31829,#2/0 emt s/c strap const Al,Feeder with Constants,EMT Aluminum wire feeders,alum feeders s/c concrete,unique
31835,#3/0 emt s/c strap const Al,Feeder with Constants,EMT Aluminum wire feeders,alum feeders s/c concrete,unique
31847,#250 emt s/c strap const Al,Feeder with Constants,EMT Aluminum wire feeders,alum feeders s/c concrete,unique
31853,#300 emt s/c strap const Al,Feeder with Constants,EMT Aluminum wire feeders,alum feeders s/c concrete,unique
31859,#350 emt s/c strap const Al,Feeder with Constants,EMT Aluminum wire feeders,alum feeders s/c concrete,unique
31865,#400 emt s/c strap const Al,Feeder with Constants,EMT Aluminum wire feeders,alum feeders s/c concrete,unique
31871,#500 emt s/c strap const Al,Feeder with Constants,EMT Aluminum wire feeders,alum feeders s/c concrete,unique
31877,#600 emt s/c strap const Al,Feeder with Constants,EMT Aluminum wire feeders,alum feeders s/c concrete,unique
31883,#750 emt s/c strap const Al,Feeder with Constants,EMT Aluminum wire feeders,alum feeders s/c concrete,unique
31900,#3 emt d/c rack const al wi,Feeder with Constants,EMT Aluminum wire feeders,alum feeders d/c rack,unique
31906,#2 emt d/c rack const al wi,Feeder with Constants,EMT Aluminum wire feeders,alum feeders d/c rack,unique
31912,#1 emt d/c rack const al wi,Feeder with Constants,EMT Aluminum wire feeders,alum feeders d/c rack,unique
31918,#1/0 emt d/c rack const al,Feeder with Constants,EMT Aluminum wire feeders,alum feeders d/c rack,unique
31924,#2/0 emt d/c rack const al,Feeder with Constants,EMT Aluminum wire feeders,alum feeders d/c rack,unique
31930,#3/0 emt d/c rack const al,Feeder with Constants,EMT Aluminum wire feeders,alum feeders d/c rack,unique
31936,#4/0 emt d/c rack const al,Feeder with Constants,EMT Aluminum wire feeders,alum feeders d/c rack,unique
31942,#250 emt d/c rack const al,Feeder with Constants,EMT Aluminum wire feeders,alum feeders d/c rack,unique
31948,#300 emt d/c rack const al,Feeder with Constants,EMT Aluminum wire feeders,alum feeders d/c rack,unique
31954,#350 emt d/c rack const al,Feeder with Constants,EMT Aluminum wire feeders,alum feeders d/c rack,unique
31960,#400 emt d/c rack const al,Feeder with Constants,EMT Aluminum wire feeders,alum feeders d/c rack,unique
31966,#500 emt d/c rack const al,Feeder with Constants,EMT Aluminum wire feeders,alum feeders d/c rack,unique
31972,#600 emt d/c rack const al,Feeder with Constants,EMT Aluminum wire feeders,alum feeders d/c rack,unique
31978,#750 emt d/c rack const al,Feeder with Constants,EMT Aluminum wire feeders,alum feeders d/c rack,unique
31985,#3 emt d/c beam clamp const,Feeder with Constants,EMT Aluminum wire feeders,alum feeders d/c beam,unique
31991,#2 emt d/c beam clamp const,Feeder with Constants,EMT Aluminum wire feeders,alum feeders d/c beam,unique
31997,#1 emt d/c beam clamp const,Feeder with Constants,EMT Aluminum wire feeders,alum feeders d/c beam,unique
32003,#1/0 emt d/c beam clamp con,Feeder with Constants,EMT Aluminum wire feeders,alum feeders d/c beam,unique
32009,#2/0 emt d/c beam clamp con,Feeder with Constants,EMT Aluminum wire feeders,alum feeders d/c beam,unique
32015,#3/0 emt d/c beam clamp con,Feeder with Constants,EMT Aluminum wire feeders,alum feeders d/c beam,unique
32021,#4/0 emt d/c beam clamp con,Feeder with Constants,EMT Aluminum wire feeders,alum feeders d/c beam,unique
32027,#250 emt d/c beam clamp con,Feeder with Constants,EMT Aluminum wire feeders,alum feeders d/c beam,unique
32033,#300 emt d/c beam clamp con,Feeder with Constants,EMT Aluminum wire feeders,alum feeders d/c beam,unique
32045,#400 emt d/c beam clamp con,Feeder with Constants,EMT Aluminum wire feeders,alum feeders d/c beam,unique
32051,#500 emt d/c beam clamp con,Feeder with Constants,EMT Aluminum wire feeders,alum feeders d/c beam,unique
32057,#600 emt d/c beam clamp con,Feeder with Constants,EMT Aluminum wire feeders,alum feeders d/c beam,unique
32063,#750 emt d/c beam clamp con,Feeder with Constants,EMT Aluminum wire feeders,alum feeders d/c beam,unique
32070,#3 emt s/s strap const al w,Feeder with Constants,EMT Aluminum wire feeders,alum feeders s/s strap,distance
32076,#2 emt s/s strap const al w,Feeder with Constants,EMT Aluminum wire feeders,alum feeders s/s strap,distance
32082,#1 emt s/s strap const al w,Feeder with Constants,EMT Aluminum wire feeders,alum feeders s/s strap,distance
32088,#1/0 emt s/s strap const al,Feeder with Constants,EMT Aluminum wire feeders,alum feeders s/s strap,distance
32094,#2/0 emt s/s strap const al,Feeder with Constants,EMT Aluminum wire feeders,alum feeders s/s strap,distance
32100,#3/0 emt s/s strap const al,Feeder with Constants,EMT Aluminum wire feeders,alum feeders s/s strap,distance
32106,#4/0 emt s/s strap const al,Feeder with Constants,EMT Aluminum wire feeders,alum feeders s/s strap,distance
32112,#250 emt s/s strap const al,Feeder with Constants,EMT Aluminum wire feeders,alum feeders s/s strap,distance
32118,#300 emt s/s strap const al,Feeder with Constants,EMT Aluminum wire feeders,alum feeders s/s strap,distance
32124,#350 emt s/s strap const al,Feeder with Constants,EMT Aluminum wire feeders,alum feeders s/s strap,distance
32130,#400 emt s/s strap const al,Feeder with Constants,EMT Aluminum wire feeders,alum feeders s/s strap,distance
32136,#500 emt s/s strap const al,Feeder with Constants,EMT Aluminum wire feeders,alum feeders s/s strap,distance
32142,#600 emt s/s strap const al,Feeder with Constants,EMT Aluminum wire feeders,alum feeders s/s strap,distance
32148,#750 emt s/s strap const al,Feeder with Constants,EMT Aluminum wire feeders,alum feeders s/s strap,distance
32155,#3 emt s/s strap conc const,Feeder with Constants,EMT Aluminum wire feeders,alum feeders s/s concrete,unique
32161,#2 emt s/s strap conc const,Feeder with Constants,EMT Aluminum wire feeders,alum feeders s/s concrete,unique
32167,#1 emt s/s strap conc const,Feeder with Constants,EMT Aluminum wire feeders,alum feeders s/s concrete,unique
32173,#1/0 emt s/s strap conc con,Feeder with Constants,EMT Aluminum wire feeders,alum feeders s/s concrete,unique
32179,#2/0 emt s/s strap conc con,Feeder with Constants,EMT Aluminum wire feeders,alum feeders s/s concrete,unique
32185,#3/0 emt s/s strap conc con,Feeder with Constants,EMT Aluminum wire feeders,alum feeders s/s concrete,unique
32191,#4/0 emt s/s strap conc con,Feeder with Constants,EMT Aluminum wire feeders,alum feeders s/s concrete,unique
32197,#250 emt s/s strap conc con,Feeder with Constants,EMT Aluminum wire feeders,alum feeders s/s concrete,unique
32203,#300 emt s/s strap conc con,Feeder with Constants,EMT Aluminum wire feeders,alum feeders s/s concrete,unique
32209,#350 emt s/s strap conc con,Feeder with Constants,EMT Aluminum wire feeders,alum feeders s/s concrete,unique
32215,#400 emt s/s strap conc con,Feeder with Constants,EMT Aluminum wire feeders,alum feeders s/s concrete,unique
32221,#500 emt s/s strap conc con,Feeder with Constants,EMT Aluminum wire feeders,alum feeders s/s concrete,unique
32227,#600 emt s/s strap conc con,Feeder with Constants,EMT Aluminum wire feeders,alum feeders s/s concrete,unique
32233,#750 emt s/s strap conc con,Feeder with Constants,EMT Aluminum wire feeders,alum feeders s/s concrete,unique
32241,#3 emt s/s rack const alum,Feeder with Constants,EMT Aluminum wire feeders,alum feeders s/s rack,unique
32247,#2 emt s/s rack const alum,Feeder with Constants,EMT Aluminum wire feeders,alum feeders s/s rack,unique
32253,#1 emt s/s rack const alum,Feeder with Constants,EMT Aluminum wire feeders,alum feeders s/s rack,unique
32259,#1/0 emt s/s rack const alu,Feeder with Constants,EMT Aluminum wire feeders,alum feeders s/s rack,unique
32265,#2/0 emt s/s rack const alu,Feeder with Constants,EMT Aluminum wire feeders,alum feeders s/s rack,unique
32271,#3/0 emt s/s rack const alu,Feeder with Constants,EMT Aluminum wire feeders,alum feeders s/s rack,unique
32277,#4/0 emt s/s rack const alu,Feeder with Constants,EMT Aluminum wire feeders,alum feeders s/s rack,unique
32283,#250 emt s/s rack const alu,Feeder with Constants,EMT Aluminum wire feeders,alum feeders s/s rack,unique
32289,#300 emt s/s rack const alu,Feeder with Constants,EMT Aluminum wire feeders,alum feeders s/s rack,unique
32295,#350 emt s/s rack const alu,Feeder with Constants,EMT Aluminum wire feeders,alum feeders s/s rack,unique
32301,#400 emt s/s rack const alu,Feeder with Constants,EMT Aluminum wire feeders,alum feeders s/s rack,unique
32307,#500 emt s/s rack const alu,Feeder with Constants,EMT Aluminum wire feeders,alum feeders s/s rack,unique
32313,#600 emt s/s rack const alu,Feeder with Constants,EMT Aluminum wire feeders,alum feeders s/s rack,unique
32319,#750 emt s/s rack const alu,Feeder with Constants,EMT Aluminum wire feeders,alum feeders s/s rack,unique
32328,#3  em s /s beam clamp cons,Feeder with Constants,EMT Aluminum wire feeders,alum feeders s/s beam,unique
32334,#2 alum emt s/s beam clamp,Feeder with Constants,EMT Aluminum wire feeders,alum feeders s/s beam,unique
32340,#1 alum emt s/s beam clamp,Feeder with Constants,EMT Aluminum wire feeders,alum feeders s/s beam,unique
32346,#1/0 alum emt s/s beam clam,Feeder with Constants,EMT Aluminum wire feeders,alum feeders s/s beam,unique
32352,#2/0 alum emt s/s beam clam,Feeder with Constants,EMT Aluminum wire feeders,alum feeders s/s beam,unique
32358,#3/0 alum  emt s/s beam cla,Feeder with Constants,EMT Aluminum wire feeders,alum feeders s/s beam,unique
32364,#4/0 alum emt s/s beam clam,Feeder with Constants,EMT Aluminum wire feeders,alum feeders s/s beam,unique
32370,#250 alum emt s/s beam clam,Feeder with Constants,EMT Aluminum wire feeders,alum feeders s/s beam,unique
32376,#300 alum emt s/s beam clam,Feeder with Constants,EMT Aluminum wire feeders,alum feeders s/s beam,unique
32388,#400 alum emt s/s beam clam,Feeder with Constants,EMT Aluminum wire feeders,alum feeders s/s beam,unique
32394,#500 alum emt s/s beam clam,Feeder with Constants,EMT Aluminum wire feeders,alum feeders s/s beam,unique
32400,#600 alum emt s/s beam clam,Feeder with Constants,EMT Aluminum wire feeders,alum feeders s/s beam,unique
32406,#750 alum emt s/s beam clam,Feeder with Constants,EMT Aluminum wire feeders,alum feeders s/s beam,unique
32413,#3 emt s/c beam clamp const,Feeder with Constants,EMT Aluminum wire feeders,alum feeders s/c beam,unique
32419,#2 emt s/c beam clamp const,Feeder with Constants,EMT Aluminum wire feeders,alum feeders s/c beam,unique
32425,#1 emt s/c beam clamp const,Feeder with Constants,EMT Aluminum wire feeders,alum feeders s/c beam,unique
32431,#1/0 emt s/c beam clamp con,Feeder with Constants,EMT Aluminum wire feeders,alum feeders s/c beam,unique
32437,#2/0 emt s/c  beam clamp co,Feeder with Constants,EMT Aluminum wire feeders,alum feeders s/c beam,unique
32443,#3/0 emt s/c beam clamp con,Feeder with Constants,EMT Aluminum wire feeders,alum feeders s/c beam,unique
32449,#4/0 emt s/c beam clamp con,Feeder with Constants,EMT Aluminum wire feeders,alum feeders s/c beam,unique
32455,#250 emt s/c beam clamp con,Feeder with Constants,EMT Aluminum wire feeders,alum feeders s/c beam,unique
32461,#300 emt s/c beam clamp con,Feeder with Constants,EMT Aluminum wire feeders,alum feeders s/c beam,unique
32473,#400 emt s/c beam clamp con,Feeder with Constants,EMT Aluminum wire feeders,alum feeders s/c beam,unique
32479,#500 emt s/c beam clamp con,Feeder with Constants,EMT Aluminum wire feeders,alum feeders s/c beam,unique
32485,#600 emt s/c beam clamp con,Feeder with Constants,EMT Aluminum wire feeders,alum feeders s/c beam,unique
32491,#750 emt s/c beam clamp con,Feeder with Constants,EMT Aluminum wire feeders,alum feeders s/c beam,unique
32499,#3 emt s/c rack const alum,Feeder with Constants,EMT Aluminum wire feeders,alum feeders s/c rack,unique
32505,#2 emt s/c rack const alum,Feeder with Constants,EMT Aluminum wire feeders,alum feeders s/c rack,unique
32511,#1 emt s/c rack const alum,Feeder with Constants,EMT Aluminum wire feeders,alum feeders s/c rack,unique
32517,#1/0 emt s/c rack const alu,Feeder with Constants,EMT Aluminum wire feeders,alum feeders s/c rack,unique
32523,#2/0 emt s/c rack const alu,Feeder with Constants,EMT Aluminum wire feeders,alum feeders s/c rack,unique
32529,#3/0 emt s/c rack const alu,Feeder with Constants,EMT Aluminum wire feeders,alum feeders s/c rack,unique
32535,#4/0 emt s/c rack const alu,Feeder with Constants,EMT Aluminum wire feeders,alum feeders s/c rack,unique
32541,#250 emt s/c rack const alu,Feeder with Constants,EMT Aluminum wire feeders,alum feeders s/c rack,unique
32547,#300 emt s/c rack const alu,Feeder with Constants,EMT Aluminum wire feeders,alum feeders s/c rack,unique
32553,#350 emt s/c rack const alu,Feeder with Constants,EMT Aluminum wire feeders,alum feeders s/c rack,unique
32559,#400 emt s/c rack const alu,Feeder with Constants,EMT Aluminum wire feeders,alum feeders s/c rack,unique
32565,#500 emt s/c rack const alu,Feeder with Constants,EMT Aluminum wire feeders,alum feeders s/c rack,unique
32571,#600 emt s/c rack const alu,Feeder with Constants,EMT Aluminum wire feeders,alum feeders s/c rack,unique
32586,#3 grc strap const alum wir,Feeder with Constants,Aluminum wire feeders Misc,feeders grc alum strap,unique
32592,#2  grc strap const alum wi,Feeder with Constants,Aluminum wire feeders Misc,feeders grc alum strap,unique
32598,#1  grc strap const alum wi,Feeder with Constants,Aluminum wire feeders Misc,feeders grc alum strap,unique
32604,#1/0  grc strap const alum,Feeder with Constants,Aluminum wire feeders Misc,feeders grc alum strap,unique
32610,#2/0  grc strap const alum,Feeder with Constants,Aluminum wire feeders Misc,feeders grc alum strap,unique
32616,#3/0 grc strap const alum w,Feeder with Constants,Aluminum wire feeders Misc,feeders grc alum strap,unique
32622,#4/0  grc strap const alum,Feeder with Constants,Aluminum wire feeders Misc,feeders grc alum strap,unique
32634,#300  grc  strap const alum,Feeder with Constants,Aluminum wire feeders Misc,feeders grc alum strap,unique
32640,#350  grc strap const alum,Feeder with Constants,Aluminum wire feeders Misc,feeders grc alum strap,unique
32646,#400 grc strap  const alum,Feeder with Constants,Aluminum wire feeders Misc,feeders grc alum strap,unique
32652,#500 grc  strap const alum,Feeder with Constants,Aluminum wire feeders Misc,feeders grc alum strap,unique
32658,n600 grc  strap const alum,Feeder with Constants,Aluminum wire feeders Misc,feeders grc alum strap,unique
32664,n750 grc  strap const alum,Feeder with Constants,Aluminum wire feeders Misc,feeders grc alum strap,unique
32671,#3 grc strap concrete const,Feeder with Constants,Aluminum wire feeders Misc,feeders grc strap conc al wire,unique
32677,#2  grc strap conc const al,Feeder with Constants,Aluminum wire feeders Misc,feeders grc strap conc al wire,unique
32683,#1 grc strap conc const alu,Feeder with Constants,Aluminum wire feeders Misc,feeders grc strap conc al wire,unique
32689,#1/0  grc strap conc const,Feeder with Constants,Aluminum wire feeders Misc,feeders grc strap conc al wire,unique
32695,#2/0 grc strap conc const a,Feeder with Constants,Aluminum wire feeders Misc,feeders grc strap conc al wire,unique
32701,#3/0 grc strap conc const a,Feeder with Constants,Aluminum wire feeders Misc,feeders grc strap conc al wire,unique
32707,#4/0 grc strap conc const a,Feeder with Constants,Aluminum wire feeders Misc,feeders grc strap conc al wire,unique
32713,#250grc strap conc const al,Feeder with Constants,Aluminum wire feeders Misc,feeders grc strap conc al wire,unique
32719,#300 grc strap conc const c,Feeder with Constants,Aluminum wire feeders Misc,feeders grc strap conc al wire,unique
32731,#400  grc strap conc consta,Feeder with Constants,Aluminum wire feeders Misc,feeders grc strap conc al wire,unique
32737,#500 grc  strap conc const,Feeder with Constants,Aluminum wire feeders Misc,feeders grc strap conc al wire,unique
32743,#600 grc  strap conc const,Feeder with Constants,Aluminum wire feeders Misc,feeders grc strap conc al wire,unique
32755,grc feeder rack w/wire cons,Feeder with Constants,Aluminum wire feeders Misc,feeders grc rack al wire,unique
32762,#2 GRC rack const 100A Al W,Feeder with Constants,Aluminum wire feeders Misc,feeders grc rack al wire,unique
32768,#1 GRC  rack const 115A AL,Feeder with Constants,Aluminum wire feeders Misc,feeders grc rack al wire,unique
32774,#1/0 GRC rack const 135A Al,Feeder with Constants,Aluminum wire feeders Misc,feeders grc rack al wire,unique
32780,#2/0GRC rack const 150A Al,Feeder with Constants,Aluminum wire feeders Misc,feeders grc rack al wire,unique
32792,4/0 GRC Rack 175A Al Wire,Feeder with Constants,Aluminum wire feeders Misc,feeders grc rack al wire,unique
32798,#250 GRC rack const 230A Al,Feeder with Constants,Aluminum wire feeders Misc,feeders grc rack al wire,unique
32804,#300 GRC rack const  255A A,Feeder with Constants,Aluminum wire feeders Misc,feeders grc rack al wire,unique
32810,#350 GRC rack const 280A Al,Feeder with Constants,Aluminum wire feeders Misc,feeders grc rack al wire,unique
32816,#400 GRC rack const 305A Al,Feeder with Constants,Aluminum wire feeders Misc,feeders grc rack al wire,unique
32822,#500 GRC rack const 350A Al,Feeder with Constants,Aluminum wire feeders Misc,feeders grc rack al wire,unique
32828,#600 GRC rack cons 350A Al,Feeder with Constants,Aluminum wire feeders Misc,feeders grc rack al wire,unique
32834,#750 GRC rack const 435A Al,Feeder with Constants,Aluminum wire feeders Misc,feeders grc rack al wire,unique
32841,#3  grc underground const 9,Feeder with Constants,Aluminum wire feeders Misc,feeders grc u/c al wire,unique
32847,#2 alum grc underground con,Feeder with Constants,Aluminum wire feeders Misc,feeders grc u/c al wire,unique
32853,#1 alum grc underground con,Feeder with Constants,Aluminum wire feeders Misc,feeders grc u/c al wire,unique
32859,#1/0 alum grc underground c,Feeder with Constants,Aluminum wire feeders Misc,feeders grc u/c al wire,unique
32865,#2/0 alum grc underground c,Feeder with Constants,Aluminum wire feeders Misc,feeders grc u/c al wire,unique
32871,#3/0 alum grc underground c,Feeder with Constants,Aluminum wire feeders Misc,feeders grc u/c al wire,unique
32877,#4/0 alum grc underground c,Feeder with Constants,Aluminum wire feeders Misc,feeders grc u/c al wire,unique
32883,#250 alum grc underground c,Feeder with Constants,Aluminum wire feeders Misc,feeders grc u/c al wire,unique
32889,#300 alum grc underground c,Feeder with Constants,Aluminum wire feeders Misc,feeders grc u/c al wire,unique
32895,#350 alum grc underground c,Feeder with Constants,Aluminum wire feeders Misc,feeders grc u/c al wire,unique
32901,#400 alum grc underground c,Feeder with Constants,Aluminum wire feeders Misc,feeders grc u/c al wire,unique
32907,#500 alum grc  underground,Feeder with Constants,Aluminum wire feeders Misc,feeders grc u/c al wire,unique
32913,#600 alum grc underground c,Feeder with Constants,Aluminum wire feeders Misc,feeders grc u/c al wire,unique
32919,#750 alum grc  underground,Feeder with Constants,Aluminum wire feeders Misc,feeders grc u/c al wire,unique
32926,#3 GRC beam clamp const 85A,Feeder with Constants,Aluminum wire feeders Misc,feeders grc alum beam,unique
32938,#1  Grc beam clamp const 11,Feeder with Constants,Aluminum wire feeders Misc,feeders grc alum beam,unique
32944,#1/0 GRC beam clamp const 1,Feeder with Constants,Aluminum wire feeders Misc,feeders grc alum beam,unique
32950,#2/0 GRC  beam clamp const,Feeder with Constants,Aluminum wire feeders Misc,feeders grc alum beam,unique
32962,#4/0 GRC beam clamp const 2,Feeder with Constants,Aluminum wire feeders Misc,feeders grc alum beam,unique
32968,#250 GRC beam clamp const 2,Feeder with Constants,Aluminum wire feeders Misc,feeders grc alum beam,unique
32974,#300 GRC beam clamp const 2,Feeder with Constants,Aluminum wire feeders Misc,feeders grc alum beam,unique
32980,#350 GRC beam clamp const 2,Feeder with Constants,Aluminum wire feeders Misc,feeders grc alum beam,unique
32986,#400 GRC beam clamp const 3,Feeder with Constants,Aluminum wire feeders Misc,feeders grc alum beam,unique
32992,#500 GRC beam clamp const 3,Feeder with Constants,Aluminum wire feeders Misc,feeders grc alum beam,unique
32998,#600 GRC beam clamp const 3,Feeder with Constants,Aluminum wire feeders Misc,feeders grc alum beam,unique
33004,#750 GRC  beam clamp const,Feeder with Constants,Aluminum wire feeders Misc,feeders grc alum beam,unique
33010,#3 al strap const alum wire,Feeder with Constants,Aluminum wire feeders Misc,feeders al conduit al wire,unique
33016,#2 al strap const alum  wir,Feeder with Constants,Aluminum wire feeders Misc,feeders al conduit al wire,unique
33022,#1 al strap const  alum wir,Feeder with Constants,Aluminum wire feeders Misc,feeders al conduit al wire,unique
33028,#1/0 al strap const alum wi,Feeder with Constants,Aluminum wire feeders Misc,feeders al conduit al wire,unique
33034,#2/0 al strap const alum wi,Feeder with Constants,Aluminum wire feeders Misc,feeders al conduit al wire,unique
33040,#3/0  al strap const alum w,Feeder with Constants,Aluminum wire feeders Misc,feeders al conduit al wire,unique
33046,#4/0 al strap const alum wi,Feeder with Constants,Aluminum wire feeders Misc,feeders al conduit al wire,unique
33052,#250 al strap const alum wi,Feeder with Constants,Aluminum wire feeders Misc,feeders al conduit al wire,unique
33058,#300 al strap const alum wi,Feeder with Constants,Aluminum wire feeders Misc,feeders al conduit al wire,unique
33064,#350 al  strap const alum w,Feeder with Constants,Aluminum wire feeders Misc,feeders al conduit al wire,unique
33070,#400 al strap const alum wi,Feeder with Constants,Aluminum wire feeders Misc,feeders al conduit al wire,unique
33076,#500 al strap const alum wi,Feeder with Constants,Aluminum wire feeders Misc,feeders al conduit al wire,unique
33082,#600 al strap const alum wi,Feeder with Constants,Aluminum wire feeders Misc,feeders al conduit al wire,unique
33088,n750 al strap const alum wi,Feeder with Constants,Aluminum wire feeders Misc,feeders al conduit al wire,unique
33096,#3 alum strap concrete cons,Feeder with Constants,Aluminum wire feeders Misc,feeders al conduit al wire concrete,unique
33102,#2 al strap concrete const,Feeder with Constants,Aluminum wire feeders Misc,feeders al conduit al wire concrete,unique
33108,#1 al strap concrete const,Feeder with Constants,Aluminum wire feeders Misc,feeders al conduit al wire concrete,unique
33120,#2/0 al strap concrete cons,Feeder with Constants,Aluminum wire feeders Misc,feeders al conduit al wire concrete,unique
33126,#3/0 al strap concrete cons,Feeder with Constants,Aluminum wire feeders Misc,feeders al conduit al wire concrete,unique
33132,#4/0 al strap concrete cons,Feeder with Constants,Aluminum wire feeders Misc,feeders al conduit al wire concrete,unique
33138,#250 al strap concrete cons,Feeder with Constants,Aluminum wire feeders Misc,feeders al conduit al wire concrete,unique
33144,#300 al strap concrete cons,Feeder with Constants,Aluminum wire feeders Misc,feeders al conduit al wire concrete,unique
33150,#350 al strap concrete cons,Feeder with Constants,Aluminum wire feeders Misc,feeders al conduit al wire concrete,unique
33162,#500 al strap concrete cons,Feeder with Constants,Aluminum wire feeders Misc,feeders al conduit al wire concrete,unique
33168,#600 al strap concrete cons,Feeder with Constants,Aluminum wire feeders Misc,feeders al conduit al wire concrete,unique
33174,#750 al strap concrete cons,Feeder with Constants,Aluminum wire feeders Misc,feeders al conduit al wire concrete,unique
33182,#3 al rack const alum wire,Feeder with Constants,Aluminum wire feeders Misc,feeders grc rack al wire,unique
33194,#1 al rack const alum wire,Feeder with Constants,Aluminum wire feeders Misc,feeders grc rack al wire,unique
33200,#1/0 al rack const alum wir,Feeder with Constants,Aluminum wire feeders Misc,feeders grc rack al wire,unique
33206,#2/0 al rack const alum wir,Feeder with Constants,Aluminum wire feeders Misc,feeders grc rack al wire,unique
33212,#3/0 al rack const alum wir,Feeder with Constants,Aluminum wire feeders Misc,feeders grc rack al wire,unique
33218,#4/0 al rack const alum wir,Feeder with Constants,Aluminum wire feeders Misc,feeders grc rack al wire,unique
33224,#250 al rack const alum wir,Feeder with Constants,Aluminum wire feeders Misc,feeders grc rack al wire,unique
33230,#300 al rack const alum wir,Feeder with Constants,Aluminum wire feeders Misc,feeders grc rack al wire,unique
33236,#350 al rack const alum wir,Feeder with Constants,Aluminum wire feeders Misc,feeders grc rack al wire,unique
33242,#400 al rack const alum wir,Feeder with Constants,Aluminum wire feeders Misc,feeders grc rack al wire,unique
33248,n500 al rack const,Feeder with Constants,Aluminum wire feeders Misc,feeders grc rack al wire,distance
33254,#600 al rack const alum ?wi,Feeder with Constants,Aluminum wire feeders Misc,feeders grc rack al wire,unique
33260,#750 al  rack const  alum w,Feeder with Constants,Aluminum wire feeders Misc,feeders grc rack al wire,unique
33364,#3 grc/pvc no strap const a,Feeder with Constants,Aluminum wire feeders Misc,feeders grc pvc no strap,unique
33370,#2 grc/pvc  no strap const,Feeder with Constants,Aluminum wire feeders Misc,feeders grc pvc no strap,unique
33376,#1 grc/pvc  no strap const,Feeder with Constants,Aluminum wire feeders Misc,feeders grc pvc no strap,unique
33382,#1/0 grc/pvc  no strap cons,Feeder with Constants,Aluminum wire feeders Misc,feeders grc pvc no strap,unique
33388,#2/0 grc/pvc  no strap cons,Feeder with Constants,Aluminum wire feeders Misc,feeders grc pvc no strap,unique
33400,#4/0 grc/pvc  no strap cons,Feeder with Constants,Aluminum wire feeders Misc,feeders grc pvc no strap,unique
33450,#3 grc/pvc strap concr cons,Feeder with Constants,Aluminum wire feeders Misc,feeders grc/pvc strap conc,unique
33456,#2 grc/pvc strap conc const,Feeder with Constants,Aluminum wire feeders Misc,feeders grc/pvc strap conc,unique
33468,3#1/0 grc/pvc strap conc co,Feeder with Constants,Aluminum wire feeders Misc,feeders grc/pvc strap conc,unique
33474,#2/0 grc/pvc strap conc con,Feeder with Constants,Aluminum wire feeders Misc,feeders grc/pvc strap conc,unique
33480,#3/0 grc/pvc strap conc con,Feeder with Constants,Aluminum wire feeders Misc,feeders grc/pvc strap conc,unique
33486,#4/0 grc/pvc strap conc con,Feeder with Constants,Aluminum wire feeders Misc,feeders grc/pvc strap conc,unique
33498,#300 grc/pvc strap conc con,Feeder with Constants,Aluminum wire feeders Misc,feeders grc/pvc strap conc,unique
33504,#350 grc/pvc strap conc con,Feeder with Constants,Aluminum wire feeders Misc,feeders grc/pvc strap conc,unique
33510,#400 grc/pvc strap conc con,Feeder with Constants,Aluminum wire feeders Misc,feeders grc/pvc strap conc,unique
33516,#500 grc/pvc strap conc con,Feeder with Constants,Aluminum wire feeders Misc,feeders grc/pvc strap conc,unique
33522,#600 grc/pvc strap conc con,Feeder with Constants,Aluminum wire feeders Misc,feeders grc/pvc strap conc,unique
33528,#750 grc/pvc strap conc con,Feeder with Constants,Aluminum wire feeders Misc,feeders grc/pvc strap conc,unique
33535,#3 grc/pvc rack const alum,Feeder with Constants,Aluminum wire feeders Misc,feeders grc/pvc rack,unique
33541,#2 grc/pvc rack const alum,Feeder with Constants,Aluminum wire feeders Misc,feeders grc/pvc rack,unique
33547,#1 grc/pvc rack const alum,Feeder with Constants,Aluminum wire feeders Misc,feeders grc/pvc rack,unique
33553,#1/0 grc/pvc rack const alu,Feeder with Constants,Aluminum wire feeders Misc,feeders grc/pvc rack,unique
33559,#2/0 grc/pvc rack const alu,Feeder with Constants,Aluminum wire feeders Misc,feeders grc/pvc rack,unique
33565,#3/0 grc/pvc rack const alu,Feeder with Constants,Aluminum wire feeders Misc,feeders grc/pvc rack,unique
33571,#4/0 grc/pvc rack const alu,Feeder with Constants,Aluminum wire feeders Misc,feeders grc/pvc rack,unique
33577,#250 grc/pvc rack const alu,Feeder with Constants,Aluminum wire feeders Misc,feeders grc/pvc rack,unique
33583,#300 grc/pvc rack constalum,Feeder with Constants,Aluminum wire feeders Misc,feeders grc/pvc rack,unique
33595,#400 grc/pvc rack constalum,Feeder with Constants,Aluminum wire feeders Misc,feeders grc/pvc rack,unique
33601,#500 grc/pvc rack const alu,Feeder with Constants,Aluminum wire feeders Misc,feeders grc/pvc rack,unique
33607,#600 grc/pvc rack const alu,Feeder with Constants,Aluminum wire feeders Misc,feeders grc/pvc rack,unique
33613,#750 grc/pvc rack const alu,Feeder with Constants,Aluminum wire feeders Misc,feeders grc/pvc rack,unique
33621,#3 grc/pvc underground cons,Feeder with Constants,Aluminum wire feeders Misc,feeders grc/pvc underground,unique
33633,#1 grc/pvc underground cons,Feeder with Constants,Aluminum wire feeders Misc,feeders grc/pvc underground,unique
33639,#1/0 grc/pvcu/g  const alum,Feeder with Constants,Aluminum wire feeders Misc,feeders grc/pvc underground,unique
33645,#2/0 grc/pvc u/g const alum,Feeder with Constants,Aluminum wire feeders Misc,feeders grc/pvc underground,unique
33651,#3/0 grc/pvc u/g  const alu,Feeder with Constants,Aluminum wire feeders Misc,feeders grc/pvc underground,unique
33663,#250 grc/pvc u/g const alum,Feeder with Constants,Aluminum wire feeders Misc,feeders grc/pvc underground,unique
33669,#300 grc/pvc u/g const alum,Feeder with Constants,Aluminum wire feeders Misc,feeders grc/pvc underground,unique
33675,#350 grc/pvc u/g const alum,Feeder with Constants,Aluminum wire feeders Misc,feeders grc/pvc underground,unique
33681,#400 grc/pvc u/g const alum,Feeder with Constants,Aluminum wire feeders Misc,feeders grc/pvc underground,unique
33687,#500 grc/pvc u/g const alum,Feeder with Constants,Aluminum wire feeders Misc,feeders grc/pvc underground,unique
33693,#600 grc/pvc u/g const alum,Feeder with Constants,Aluminum wire feeders Misc,feeders grc/pvc underground,unique
33707,#3 imc strap conc const alu,Feeder with Constants,EMT Aluminum wire feeders,alum feeders IMC strap conc,unique
33713,#2 imc strap conc  const al,Feeder with Constants,EMT Aluminum wire feeders,alum feeders IMC strap conc,unique
33719,#1 imc strap conc const alu,Feeder with Constants,EMT Aluminum wire feeders,alum feeders IMC strap conc,unique
33725,#1/0 imc strap conc const a,Feeder with Constants,EMT Aluminum wire feeders,alum feeders IMC strap conc,unique
33731,#2/0 imc strap conc const a,Feeder with Constants,EMT Aluminum wire feeders,alum feeders IMC strap conc,unique
33737,#3/0 imc strap conc const a,Feeder with Constants,EMT Aluminum wire feeders,alum feeders IMC strap conc,unique
33743,#4/0 imc strap conc const a,Feeder with Constants,EMT Aluminum wire feeders,alum feeders IMC strap conc,unique
33749,#250 imc strap conc const a,Feeder with Constants,EMT Aluminum wire feeders,alum feeders IMC strap conc,unique
33755,#300 imc strap conc const a,Feeder with Constants,EMT Aluminum wire feeders,alum feeders IMC strap conc,unique
33761,#350 imc strap conc const a,Feeder with Constants,EMT Aluminum wire feeders,alum feeders IMC strap conc,unique
33767,#400 imc strap conc const a,Feeder with Constants,EMT Aluminum wire feeders,alum feeders IMC strap conc,unique
33773,#500 imc strap conc const a,Feeder with Constants,EMT Aluminum wire feeders,alum feeders IMC strap conc,unique
33779,#600 imc strap conc const a,Feeder with Constants,EMT Aluminum wire feeders,alum feeders IMC strap conc,unique
33785,#750 imc  strap conc const,Feeder with Constants,EMT Aluminum wire feeders,alum feeders IMC strap conc,unique
33793,#3 imc rack const  alum wir,Feeder with Constants,EMT Aluminum wire feeders,alum feeders IMC rack,unique
33799,#2 imc rack const alum wire,Feeder with Constants,EMT Aluminum wire feeders,alum feeders IMC rack,unique
33811,#1/0 imc rack constam wire,Feeder with Constants,EMT Aluminum wire feeders,alum feeders IMC rack,unique
33817,#2/0 imc rack const alum wi,Feeder with Constants,EMT Aluminum wire feeders,alum feeders IMC rack,unique
33823,#3/0 imc rack const alum wi,Feeder with Constants,EMT Aluminum wire feeders,alum feeders IMC rack,unique
33835,#250 imc rack constalum wir,Feeder with Constants,EMT Aluminum wire feeders,alum feeders IMC rack,unique
33841,#300 imc rack constalum wir,Feeder with Constants,EMT Aluminum wire feeders,alum feeders IMC rack,unique
33847,#350 imc rack const alum wi,Feeder with Constants,EMT Aluminum wire feeders,alum feeders IMC rack,unique
33853,#400 imc rack const alum wi,Feeder with Constants,EMT Aluminum wire feeders,alum feeders IMC rack,unique
33859,#500 imc  rack const alum w,Feeder with Constants,EMT Aluminum wire feeders,alum feeders IMC rack,unique
33865,#600 imc rack const alum wi,Feeder with Constants,EMT Aluminum wire feeders,alum feeders IMC rack,unique
33871,#750 imc  rack const alum w,Feeder with Constants,EMT Aluminum wire feeders,alum feeders IMC rack,unique
33879,#3 imc underground const al,Feeder with Constants,EMT Aluminum wire feeders,alum feeders IMC underground,unique
33885,#2 imc underground const al,Feeder with Constants,EMT Aluminum wire feeders,alum feeders IMC underground,unique
33891,#1 imc underground const al,Feeder with Constants,EMT Aluminum wire feeders,alum feeders IMC underground,unique
33897,#1/0 imc underground const,Feeder with Constants,EMT Aluminum wire feeders,alum feeders IMC underground,unique
33903,#2/0 imc underground const,Feeder with Constants,EMT Aluminum wire feeders,alum feeders IMC underground,unique
33909,#3/0 imc underground const,Feeder with Constants,EMT Aluminum wire feeders,alum feeders IMC underground,unique
33915,#4/0 imc underground const,Feeder with Constants,EMT Aluminum wire feeders,alum feeders IMC underground,unique
33921,#250 imc underground const,Feeder with Constants,EMT Aluminum wire feeders,alum feeders IMC underground,unique
33927,#300 imc underground const,Feeder with Constants,EMT Aluminum wire feeders,alum feeders IMC underground,unique
33933,#350 imc underground const,Feeder with Constants,EMT Aluminum wire feeders,alum feeders IMC underground,unique
33939,#400 imc underground const,Feeder with Constants,EMT Aluminum wire feeders,alum feeders IMC underground,unique
33945,#500 imc  underground cons,Feeder with Constants,EMT Aluminum wire feeders,alum feeders IMC underground,unique
33951,#600 imc underground const,Feeder with Constants,EMT Aluminum wire feeders,alum feeders IMC underground,unique
33957,#750 imc  underground const,Feeder with Constants,EMT Aluminum wire feeders,alum feeders IMC underground,unique
33966,#3 imc beam clamp const alu,Feeder with Constants,EMT Aluminum wire feeders,alum feeders IMC beam,unique
33972,#2 imc beam clamp const alu,Feeder with Constants,EMT Aluminum wire feeders,alum feeders IMC beam,unique
33978,#1 iimc beam clamp constm w,Feeder with Constants,EMT Aluminum wire feeders,alum feeders IMC beam,unique
33984,#1/0 imc beam clamp const a,Feeder with Constants,EMT Aluminum wire feeders,alum feeders IMC beam,unique
33990,#2/0 imc beam clamp const a,Feeder with Constants,EMT Aluminum wire feeders,alum feeders IMC beam,unique
33996,#3/0 imc beam clamp const a,Feeder with Constants,EMT Aluminum wire feeders,alum feeders IMC beam,unique
34002,#4/0 imc beam clamp const a,Feeder with Constants,EMT Aluminum wire feeders,alum feeders IMC beam,unique
34008,#250 imc beam clamp const a,Feeder with Constants,EMT Aluminum wire feeders,alum feeders IMC beam,unique
34014,#300 imc beam clamp const a,Feeder with Constants,EMT Aluminum wire feeders,alum feeders IMC beam,unique
34020,#350 imc beam clamp const a,Feeder with Constants,EMT Aluminum wire feeders,alum feeders IMC beam,unique
34026,#400 imc beam clamp const a,Feeder with Constants,EMT Aluminum wire feeders,alum feeders IMC beam,unique
34032,#500 imc  beam clamp const,Feeder with Constants,EMT Aluminum wire feeders,alum feeders IMC beam,unique
34038,#600 imc beam clamp const a,Feeder with Constants,EMT Aluminum wire feeders,alum feeders IMC beam,unique
34044,#750 imc  beam clamp cons t,Feeder with Constants,EMT Aluminum wire feeders,alum feeders IMC beam,unique
34052,#3 emt d/c stap const Alum,Feeder with Constants,EMT Aluminum wire feeders,alum feeders d/c strap,unique
34058,#2 emt d/c strap const.Alum,Feeder with Constants,EMT Aluminum wire feeders,alum feeders d/c strap,unique
34064,#1 emt d/c strap const Alum,Feeder with Constants,EMT Aluminum wire feeders,alum feeders d/c strap,unique
34070,#1/0 emt d/c strap const. A,Feeder with Constants,EMT Aluminum wire feeders,alum feeders d/c strap,unique
34076,#2/0 emt d/c strap const.Al,Feeder with Constants,EMT Aluminum wire feeders,alum feeders d/c strap,unique
34082,#3/0 emt d/c strap const. A,Feeder with Constants,EMT Aluminum wire feeders,alum feeders d/c strap,unique
34088,#4/0 emt d/c strap const.Al,Feeder with Constants,EMT Aluminum wire feeders,alum feeders d/c strap,unique
34094,#250 emt d/c strap const. A,Feeder with Constants,EMT Aluminum wire feeders,alum feeders d/c strap,unique
34100,#300 emt d/c strap const. A,Feeder with Constants,EMT Aluminum wire feeders,alum feeders d/c strap,unique
34106,#350 emt d/c strap const. A,Feeder with Constants,EMT Aluminum wire feeders,alum feeders d/c strap,unique
34112,#400 emt d/c strap const Al,Feeder with Constants,EMT Aluminum wire feeders,alum feeders d/c strap,unique
34118,#500 emt d/c strap const. A,Feeder with Constants,EMT Aluminum wire feeders,alum feeders d/c strap,unique
34124,#600 emt d/c strap const.Al,Feeder with Constants,EMT Aluminum wire feeders,alum feeders d/c strap,unique
34130,#750 emt d/c strap const. A,Feeder with Constants,EMT Aluminum wire feeders,alum feeders d/c strap,unique
34136,#3 emt d/c strap concrete c,Feeder with Constants,EMT Aluminum wire feeders,alum feeders d/c concrete,unique
34142,#2 emt d/c strap concrete c,Feeder with Constants,EMT Aluminum wire feeders,alum feeders d/c concrete,unique
34148,#1 emt d/c strap concrete c,Feeder with Constants,EMT Aluminum wire feeders,alum feeders d/c concrete,unique
34154,#1/0 emt d/c strap concrete,Feeder with Constants,EMT Aluminum wire feeders,alum feeders d/c concrete,unique
34160,#2/0 emt d/c strap concrete,Feeder with Constants,EMT Aluminum wire feeders,alum feeders d/c concrete,unique
34166,#3/0 emt d/c strap concrete,Feeder with Constants,EMT Aluminum wire feeders,alum feeders d/c concrete,unique
34172,#4/0 emt d/c strap concrete,Feeder with Constants,EMT Aluminum wire feeders,alum feeders d/c concrete,unique
34178,#250 emt d/c strap concrete,Feeder with Constants,EMT Aluminum wire feeders,alum feeders d/c concrete,unique
34184,n300 emt d/c strap concrete,Feeder,EMT,"D/C, Strap Concrete",unique
34190,#350 emt d/c strap concrete,Feeder with Constants,EMT Aluminum wire feeders,alum feeders d/c concrete,unique
34196,#400 emt d/c strap concrete,Feeder with Constants,EMT Aluminum wire feeders,alum feeders d/c concrete,unique
34202,#500 emt d/c strap concrete,Feeder with Constants,EMT Aluminum wire feeders,alum feeders d/c concrete,unique
34208,#600 emt d/c strap concrete,Feeder with Constants,EMT Aluminum wire feeders,alum feeders d/c concrete,unique
34214,#750 emt d/c strap concrete,Feeder with Constants,EMT Aluminum wire feeders,alum feeders d/c concrete,unique
34221,#3 SCH 40 pvc strap const.,Feeder with Constants,Aluminum wire feeders Misc,feeders sch 40 pvc strap,unique
34227,#2 SCH 40 pvc strap const.,Feeder with Constants,Aluminum wire feeders Misc,feeders sch 40 pvc strap,unique
34233,#1 SCH 40 pvc strap const.,Feeder with Constants,Aluminum wire feeders Misc,feeders sch 40 pvc strap,unique
34239,#1/0 SCH 40  pvc strap cons,Feeder with Constants,Aluminum wire feeders Misc,feeders sch 40 pvc strap,unique
34245,# 2/0 SCH 40 pvc strap cons,Feeder with Constants,Aluminum wire feeders Misc,feeders sch 40 pvc strap,unique
34251,#3/0 SCH 40 pvc strap const,Feeder with Constants,Aluminum wire feeders Misc,feeders sch 40 pvc strap,unique
34257,#4/0 SCH 40 pvc strap const,Feeder with Constants,Aluminum wire feeders Misc,feeders sch 40 pvc strap,unique
34263,#250 SCH 40 pvc strap const,Feeder with Constants,Aluminum wire feeders Misc,feeders sch 40 pvc strap,unique
34269,#300 SCH 40 pvc strap const,Feeder with Constants,Aluminum wire feeders Misc,feeders sch 40 pvc strap,unique
34275,#350  SCH 40 pvc strap cons,Feeder with Constants,Aluminum wire feeders Misc,feeders sch 40 pvc strap,unique
34281,# 400  PVC 40 pvc strap con,Feeder with Constants,Aluminum wire feeders Misc,feeders sch 40 pvc strap,unique
34287,#500 SCH 40 pvc strap const,Feeder with Constants,Aluminum wire feeders Misc,feeders sch 40 pvc strap,unique
34293,#600 SCH 40 pvc strap const,Feeder with Constants,Aluminum wire feeders Misc,feeders sch 40 pvc strap,unique
34299,#750 SCH 40 pvc strap const,Feeder with Constants,Aluminum wire feeders Misc,feeders sch 40 pvc strap,unique
34325,#1/0 SCH 40 pvc U/G alum wi,Feeder with Constants,Aluminum wire feeders Misc,feeders pvc underground,unique
34331,#2/0 SCH 40  pvc strap  U/G,Feeder with Constants,Aluminum wire feeders Misc,feeders pvc underground,unique
34391,alu mc cable rack const.,Feeder with Constants,MC Cable Aluminum,,unique
